has_csrf_token_in_form,has_csrf_token_in_header,has_samesite_cookie,has_origin_check,has_referer_check,http_method,is_state_changing,content_type,requires_auth,token_entropy,token_changes_per_request,response_sets_cookie,auth_mechanism,endpoint_sensitivity,is_vulnerable
1,1,Strict,1,0,DELETE,1,multipart/form-data,1,4.4245,1,0,header_only,0.2346,0
0,0,absent,0,0,POST,1,application/json,1,0.0,0,1,cookie,0.7002,1
0,0,None,0,0,POST,1,application/json,1,0.0,0,1,cookie,0.4021,1
1,1,Strict,0,1,DELETE,0,text/plain,1,4.0581,1,1,header_only,0.1244,0
0,0,absent,0,0,PUT,1,multipart/form-data,1,0.0,0,1,mixed,0.6732,1
1,1,Strict,1,1,PUT,1,application/x-www-form-urlencoded,1,3.947,0,0,cookie,0.3314,0
1,0,Lax,1,1,POST,1,application/json,0,5.6424,1,0,header_only,0.5751,0
0,0,None,0,0,PATCH,1,application/x-www-form-urlencoded,1,0.0,0,1,cookie,0.5027,1
0,0,absent,0,0,GET,0,multipart/form-data,1,0.0,0,1,cookie,0.914,1
0,0,None,0,0,POST,1,application/x-www-form-urlencoded,1,0.0,0,1,cookie,0.7331,1
1,1,Lax,1,1,PUT,0,multipart/form-data,0,5.1862,1,1,mixed,0.4603,0
0,0,absent,0,0,GET,0,multipart/form-data,1,0.0,0,0,cookie,0.6964,1
1,1,Lax,1,1,POST,1,application/json,1,5.1341,1,0,cookie,0.3384,0
0,0,None,0,0,POST,1,multipart/form-data,1,0.0,0,1,cookie,0.6403,1
0,1,absent,0,1,POST,0,application/json,1,2.6334,0,1,mixed,0.0716,0
0,0,absent,0,0,POST,1,application/x-www-form-urlencoded,1,0.0,0,1,cookie,0.7053,1
0,0,None,0,0,POST,1,multipart/form-data,1,0.0,0,0,cookie,0.9751,1
0,0,absent,0,0,POST,1,application/x-www-form-urlencoded,1,0.0,0,0,cookie,0.9717,1
0,0,absent,0,0,PUT,1,multipart/form-data,1,0.0,0,0,cookie,0.4626,1
0,0,absent,0,0,GET,0,multipart/form-data,1,0.0,0,1,cookie,0.5426,1
0,1,Lax,0,1,POST,1,multipart/form-data,0,5.3418,1,0,header_only,0.2201,0
0,0,absent,0,0,DELETE,1,application/x-www-form-urlencoded,1,0.0,0,1,mixed,0.7162,1
0,0,absent,0,0,PUT,1,application/x-www-form-urlencoded,1,0.0,0,1,cookie,0.5149,1
1,0,Strict,0,0,GET,0,application/json,0,3.0018,1,1,cookie,0.6494,0
1,1,Strict,0,0,DELETE,1,multipart/form-data,1,5.0096,1,1,mixed,0.5655,0
0,0,absent,0,0,PUT,1,application/json,1,0.0,0,1,mixed,0.8743,1
1,0,Lax,1,1,PUT,1,application/json,0,1.4108,1,1,mixed,0.583,1
0,0,absent,0,0,GET,0,application/x-www-form-urlencoded,1,0.0,0,1,cookie,0.388,1
0,0,absent,0,0,POST,1,application/x-www-form-urlencoded,1,0.0,0,0,cookie,0.757,1
1,0,Lax,0,1,POST,1,application/json,1,3.9684,1,0,mixed,0.2897,0
0,0,absent,0,0,PUT,1,application/json,1,0.0,0,1,cookie,0.6729,1
1,0,Strict,0,1,POST,0,multipart/form-data,1,4.387,1,1,mixed,0.6398,0
0,0,None,0,0,PATCH,1,application/x-www-form-urlencoded,1,0.0,0,1,cookie,0.4343,1
0,0,absent,0,0,POST,1,application/x-www-form-urlencoded,1,0.0,0,1,mixed,0.312,1
1,0,Lax,1,1,POST,1,application/json,0,3.914,1,0,header_only,0.1102,0
1,1,Strict,0,0,PATCH,1,application/json,0,5.1692,1,1,header_only,0.649,0
0,0,absent,0,0,POST,1,application/x-www-form-urlencoded,1,0.0,0,1,cookie,0.6934,1
0,0,absent,0,0,DELETE,1,multipart/form-data,1,0.0,0,0,mixed,0.4307,1
1,0,Strict,0,1,POST,1,application/x-www-form-urlencoded,1,3.6834,1,1,cookie,0.3949,0
0,0,absent,0,0,POST,1,multipart/form-data,1,0.0,0,0,cookie,0.8255,1
0,0,None,0,0,POST,1,application/json,1,0.0,0,0,cookie,0.9492,1
0,0,absent,0,0,POST,1,application/json,1,0.0,0,1,cookie,0.9195,1
0,0,None,0,0,DELETE,1,application/json,1,0.0,0,0,cookie,0.9175,1
0,0,absent,0,0,PUT,1,application/x-www-form-urlencoded,1,0.0,0,1,cookie,0.95,1
0,0,None,0,0,GET,0,multipart/form-data,1,0.0,0,1,cookie,0.5204,1
0,0,None,0,0,PUT,1,multipart/form-data,1,0.0,0,1,cookie,0.5487,1
1,1,Strict,1,0,DELETE,1,application/json,1,4.9099,1,0,cookie,0.3506,0
1,1,Strict,0,0,PUT,0,text/plain,1,4.937,1,0,header_only,0.3427,0
0,0,absent,0,0,DELETE,1,multipart/form-data,1,0.0,0,1,mixed,0.8544,1
1,1,Lax,1,0,POST,1,application/json,0,4.0657,1,1,mixed,0.2638,0
0,0,absent,0,0,GET,0,application/x-www-form-urlencoded,1,0.0,0,1,cookie,0.5957,1
0,0,absent,0,0,GET,0,application/x-www-form-urlencoded,1,0.0,0,1,mixed,0.9361,1
1,0,Strict,0,0,POST,0,multipart/form-data,1,5.2536,1,1,header_only,0.533,0
0,0,absent,0,0,GET,0,application/x-www-form-urlencoded,1,0.0,0,1,none,0.5969,1
0,0,None,0,0,PATCH,1,application/x-www-form-urlencoded,1,0.0,0,1,cookie,0.9258,1
0,0,Lax,1,0,POST,1,application/json,1,4.3886,1,0,mixed,0.3081,0
0,0,None,0,0,PUT,1,application/json,1,0.0,0,1,mixed,0.9234,1
0,0,absent,0,0,POST,1,application/x-www-form-urlencoded,1,0.0,0,1,cookie,0.867,1
0,0,None,0,0,POST,1,application/json,1,0.0,0,1,cookie,0.8804,1
0,0,None,0,0,GET,0,application/x-www-form-urlencoded,1,0.0,0,1,mixed,0.4464,1
1,0,Strict,1,0,DELETE,1,application/json,1,4.1204,1,0,mixed,0.1438,0
1,1,Strict,1,1,POST,1,application/json,1,4.0459,1,0,cookie,0.6101,0
1,0,None,0,0,POST,1,application/x-www-form-urlencoded,1,1.377,0,1,mixed,0.3077,1
0,0,Lax,1,1,GET,0,multipart/form-data,1,4.0093,1,1,none,0.3117,0
1,0,Strict,1,0,DELETE,0,application/json,1,4.7443,1,0,mixed,0.4924,0
1,0,Lax,1,0,POST,1,multipart/form-data,1,4.5247,1,1,mixed,0.3239,0
0,0,absent,0,0,POST,1,application/json,1,0.0,0,1,cookie,0.7714,1
1,1,Strict,1,0,POST,1,application/x-www-form-urlencoded,1,4.3676,1,1,cookie,0.3003,0
1,0,Strict,1,1,GET,1,multipart/form-data,1,3.6264,1,1,none,0.3536,0
0,0,None,0,0,GET,0,application/x-www-form-urlencoded,1,0.0,0,0,mixed,0.7922,1
1,1,Lax,1,1,POST,1,multipart/form-data,1,3.5521,1,1,mixed,0.0069,0
1,1,Lax,1,0,POST,1,application/json,0,4.1615,1,0,cookie,0.4078,0
1,1,Strict,0,0,POST,1,text/plain,1,3.8081,1,0,mixed,0.147,0
0,0,absent,0,0,PUT,1,application/x-www-form-urlencoded,1,0.0,0,1,mixed,0.4949,1
0,0,None,0,0,PUT,1,multipart/form-data,1,0.0,0,1,cookie,0.6875,1
1,0,Strict,1,1,POST,0,multipart/form-data,1,3.5947,1,0,header_only,0.6377,0
1,0,Strict,1,1,DELETE,1,application/json,1,4.9922,1,1,cookie,0.5488,0
1,0,Lax,1,1,POST,1,multipart/form-data,1,3.7615,0,1,mixed,0.4643,0
1,1,Strict,0,0,POST,1,application/json,1,5.0623,1,1,none,0.3001,0
1,1,Strict,1,0,PUT,1,multipart/form-data,0,5.4656,1,0,cookie,0.3583,0
1,0,Strict,1,0,GET,0,application/x-www-form-urlencoded,0,4.924,1,1,mixed,0.5513,0
1,0,Strict,1,1,POST,1,text/plain,1,5.3315,1,1,none,0.071,0
0,0,None,0,0,DELETE,1,text/plain,1,0.0,0,1,none,0.955,1
0,0,absent,0,0,PATCH,1,multipart/form-data,0,0.0,0,1,none,0.8073,1
1,0,Lax,1,1,PUT,1,application/json,1,4.4595,1,1,cookie,0.3527,0
1,0,Strict,0,0,GET,0,application/x-www-form-urlencoded,1,3.1742,0,0,cookie,0.3162,0
1,1,Lax,1,0,DELETE,1,multipart/form-data,0,4.8855,1,0,none,0.6654,0
1,0,Strict,0,0,POST,0,application/x-www-form-urlencoded,1,3.9053,1,1,mixed,0.5111,0
1,0,Lax,1,1,POST,1,application/x-www-form-urlencoded,0,5.479,1,1,cookie,0.1858,0
1,1,Strict,1,1,POST,1,application/json,1,5.3341,1,0,mixed,0.5047,0
0,1,Lax,1,1,DELETE,1,application/json,1,5.3262,1,1,mixed,0.3432,0
1,0,Lax,1,0,PATCH,1,multipart/form-data,1,4.471,1,0,cookie,0.509,0
0,0,absent,0,0,PUT,1,application/x-www-form-urlencoded,1,0.0,0,1,cookie,0.8762,1
0,0,absent,0,0,GET,0,application/x-www-form-urlencoded,1,0.0,0,0,cookie,0.6057,1
0,0,absent,0,0,GET,0,application/json,1,0.0,0,1,mixed,0.5006,1
1,1,Strict,1,1,PUT,1,application/json,0,5.2939,1,1,cookie,0.1166,0
0,0,absent,0,0,DELETE,1,application/json,1,0.0,0,1,cookie,0.5875,1
0,0,None,0,0,POST,1,application/x-www-form-urlencoded,1,0.0,0,1,cookie,0.5736,1
0,0,absent,0,0,POST,1,application/x-www-form-urlencoded,1,0.0,0,0,mixed,0.7834,1
1,1,Strict,1,1,POST,1,application/json,1,4.8945,1,0,mixed,0.1908,0
1,1,Strict,1,0,POST,1,application/json,1,4.3457,1,1,cookie,0.407,0
1,1,Strict,0,0,POST,1,text/plain,1,4.8676,1,0,none,0.6597,0
0,0,absent,0,0,PUT,1,application/x-www-form-urlencoded,1,0.0,0,0,cookie,0.7966,1
0,0,absent,0,0,POST,1,text/plain,0,0.0,0,1,none,0.7408,1
0,0,absent,0,0,PATCH,1,multipart/form-data,0,0.0,0,1,cookie,0.8567,1
0,0,absent,0,0,PUT,1,application/json,1,0.0,0,1,cookie,0.6822,1
0,0,absent,0,0,PUT,1,application/json,1,0.0,0,0,cookie,0.5443,1
0,0,None,0,0,PATCH,1,application/x-www-form-urlencoded,1,0.0,0,1,cookie,0.9436,1
1,1,Lax,1,0,GET,0,application/x-www-form-urlencoded,0,5.3154,1,0,mixed,0.3023,0
1,0,Strict,1,0,POST,1,application/x-www-form-urlencoded,1,4.601,1,0,cookie,0.1255,0
1,0,Strict,0,0,POST,1,application/x-www-form-urlencoded,1,4.9134,1,0,cookie,0.127,0
0,1,Strict,1,1,PATCH,1,application/x-www-form-urlencoded,1,4.7431,1,0,none,0.6691,0
0,0,None,0,0,PATCH,1,application/json,1,0.0,0,1,cookie,0.7642,1
0,0,absent,0,0,PATCH,1,multipart/form-data,1,0.0,0,1,cookie,0.7769,1
0,0,absent,0,0,PUT,1,application/x-www-form-urlencoded,1,0.0,0,1,cookie,0.6692,1
0,0,None,0,0,PUT,1,application/x-www-form-urlencoded,1,0.0,0,1,cookie,0.9865,1
1,0,Strict,1,0,PUT,0,application/x-www-form-urlencoded,1,5.7562,1,0,cookie,0.6596,0
0,0,None,0,0,POST,1,application/x-www-form-urlencoded,1,0.0,0,0,cookie,0.7012,1
0,0,absent,0,0,POST,1,application/x-www-form-urlencoded,1,0.0,0,1,cookie,0.7192,1
0,0,absent,0,0,GET,0,application/x-www-form-urlencoded,1,0.0,0,0,cookie,0.5276,1
0,0,None,0,0,POST,1,multipart/form-data,1,0.0,0,1,cookie,0.6629,1
0,0,None,0,0,POST,1,application/x-www-form-urlencoded,1,0.0,0,1,cookie,0.314,1
0,0,absent,0,0,DELETE,1,application/json,1,0.0,0,1,cookie,0.8235,1
0,0,absent,0,0,POST,1,multipart/form-data,1,3.4162,0,0,cookie,0.487,0
1,0,Lax,1,1,POST,1,multipart/form-data,1,4.6516,1,0,mixed,0.4847,0
0,0,absent,0,0,POST,1,application/x-www-form-urlencoded,1,0.0,0,1,cookie,0.7449,1
0,0,absent,0,0,PUT,1,multipart/form-data,1,0.0,0,1,cookie,0.6722,1
1,0,Strict,1,0,PUT,1,application/json,1,3.7685,1,1,header_only,0.6272,0
0,0,None,0,0,GET,0,application/json,1,0.0,0,1,none,0.8903,1
0,0,absent,0,0,POST,1,application/x-www-form-urlencoded,1,0.0,0,1,cookie,0.7439,1
1,1,Lax,0,1,DELETE,1,multipart/form-data,1,3.691,1,1,none,0.3138,0
0,0,absent,0,0,DELETE,1,application/json,1,0.0,0,1,cookie,0.6758,1
0,0,None,0,0,GET,0,application/json,1,0.0,0,0,cookie,0.556,1
1,0,Strict,0,1,POST,1,text/plain,0,4.6865,1,1,none,0.2674,0
0,0,absent,0,0,POST,1,multipart/form-data,1,0.0,0,1,cookie,0.576,1
0,0,absent,0,0,POST,1,application/x-www-form-urlencoded,1,0.0,0,1,mixed,0.7408,1
0,0,absent,0,0,POST,1,application/x-www-form-urlencoded,1,0.0,0,0,cookie,0.472,1
1,0,Strict,0,1,GET,0,multipart/form-data,1,5.4988,1,0,mixed,0.6885,0
0,0,None,0,0,GET,0,application/x-www-form-urlencoded,1,0.0,0,0,cookie,0.8577,1
0,0,None,0,0,DELETE,1,multipart/form-data,1,0.0,0,1,mixed,0.47,1
0,0,absent,0,0,PUT,1,application/x-www-form-urlencoded,1,0.0,0,0,cookie,0.6598,1
1,1,Lax,1,0,POST,1,application/x-www-form-urlencoded,1,4.9434,0,1,cookie,0.1904,0
0,0,absent,0,0,POST,1,application/x-www-form-urlencoded,1,0.0,0,0,cookie,0.7765,1
1,0,Strict,0,0,PUT,0,text/plain,1,3.7323,1,1,none,0.1622,0
1,1,Strict,1,0,POST,1,multipart/form-data,1,4.8827,1,1,header_only,0.3247,0
0,0,None,0,0,POST,1,application/json,1,0.0,0,1,cookie,0.3057,1
1,1,Strict,0,0,POST,1,text/plain,1,5.9332,1,0,header_only,0.5561,0
0,0,absent,0,0,PATCH,1,application/x-www-form-urlencoded,1,0.0,0,1,cookie,0.5638,1
1,1,Lax,0,0,POST,1,application/x-www-form-urlencoded,1,4.9909,1,0,none,0.0939,0
1,1,Lax,0,1,POST,1,application/x-www-form-urlencoded,1,4.4841,1,0,cookie,0.3274,0
1,0,Lax,0,0,GET,1,application/x-www-form-urlencoded,1,4.7597,1,1,none,0.472,0
0,0,None,1,0,POST,1,application/x-www-form-urlencoded,1,0.0,0,1,mixed,0.5285,1
0,0,absent,0,0,GET,0,multipart/form-data,1,0.0,0,1,mixed,0.6634,1
1,1,Lax,1,1,PUT,1,application/json,1,4.5477,1,0,none,0.1036,0
1,0,Strict,0,0,GET,0,application/json,1,5.225,1,1,cookie,0.0797,0
1,1,Lax,1,1,POST,0,text/plain,1,4.1504,1,0,cookie,0.3234,0
0,0,None,0,0,DELETE,1,multipart/form-data,0,0.0,0,1,cookie,0.5487,1
1,1,Lax,1,0,GET,0,application/x-www-form-urlencoded,1,3.7552,1,1,mixed,0.1202,0
1,1,Strict,1,1,GET,1,multipart/form-data,1,4.3072,1,1,mixed,0.6259,0
0,0,absent,0,0,DELETE,1,application/x-www-form-urlencoded,1,0.0,0,0,mixed,0.8742,1
1,1,None,1,1,DELETE,1,text/plain,1,4.4952,1,1,cookie,0.3659,0
1,1,Lax,1,1,POST,1,application/x-www-form-urlencoded,1,4.9383,0,0,none,0.5376,0
1,1,Lax,1,0,GET,0,text/plain,1,4.1406,1,0,cookie,0.5065,0
1,1,Lax,1,0,GET,0,application/x-www-form-urlencoded,1,5.423,1,0,none,0.6394,0
0,0,absent,0,0,POST,1,multipart/form-data,1,0.0,0,1,mixed,0.5207,1
0,0,absent,0,0,POST,1,application/x-www-form-urlencoded,1,0.0,0,0,cookie,0.8838,1
1,0,Strict,0,0,POST,1,multipart/form-data,1,5.1928,1,0,header_only,0.2317,0
0,0,None,0,0,DELETE,1,application/x-www-form-urlencoded,1,0.0,0,1,cookie,0.8871,1
0,0,absent,0,0,POST,1,application/json,1,0.0,0,1,cookie,0.7396,1
0,0,absent,0,0,PUT,1,application/x-www-form-urlencoded,1,0.0,0,1,cookie,0.7258,1
0,0,absent,0,0,PATCH,1,application/x-www-form-urlencoded,1,0.0,0,1,mixed,0.7575,1
0,0,None,0,0,POST,1,application/x-www-form-urlencoded,1,0.0,0,1,cookie,0.6537,1
0,0,absent,0,0,POST,1,application/json,1,0.0,0,1,mixed,0.7365,1
0,0,absent,0,0,POST,1,multipart/form-data,0,0.0,0,0,mixed,0.7276,1
1,1,Strict,0,0,DELETE,0,text/plain,0,4.9519,1,0,none,0.4637,0
1,1,Lax,1,1,POST,1,application/x-www-form-urlencoded,1,4.4736,1,1,cookie,0.3945,0
0,0,absent,0,0,POST,1,application/x-www-form-urlencoded,1,0.0,0,1,cookie,0.6394,1
1,0,Lax,1,0,PUT,1,application/x-www-form-urlencoded,0,3.5257,1,1,none,0.5914,0
1,0,absent,0,0,POST,1,application/x-www-form-urlencoded,1,1.8279,0,1,cookie,0.8225,1
1,1,Lax,1,1,DELETE,1,application/json,0,4.4812,1,1,cookie,0.2777,0
0,0,absent,0,0,PATCH,1,application/json,1,0.0,0,0,cookie,0.215,1
0,0,absent,0,0,POST,1,application/x-www-form-urlencoded,1,0.0,0,1,cookie,0.8586,1
0,0,absent,0,0,POST,1,application/x-www-form-urlencoded,1,0.0,0,0,cookie,0.5734,1
0,0,absent,0,0,POST,1,application/json,1,0.0,0,0,mixed,0.4262,1
1,1,Lax,0,0,POST,1,application/x-www-form-urlencoded,1,4.7698,1,1,cookie,0.0357,0
0,0,absent,0,0,POST,1,application/x-www-form-urlencoded,1,0.0,0,1,mixed,0.7201,1
0,0,None,0,0,PUT,1,application/x-www-form-urlencoded,1,0.0,0,0,cookie,0.7364,1
1,0,Lax,1,1,POST,1,application/x-www-form-urlencoded,1,3.5324,1,0,cookie,0.0667,0
0,0,None,0,0,PUT,1,multipart/form-data,1,0.0,0,0,cookie,0.5809,1
1,0,Lax,1,1,POST,1,multipart/form-data,1,4.9169,0,1,cookie,0.0103,0
0,0,None,0,0,PUT,1,multipart/form-data,1,0.0,0,0,cookie,0.6056,1
1,1,Strict,1,1,GET,0,application/x-www-form-urlencoded,0,5.05,1,0,none,0.4651,0
1,0,Lax,1,1,PUT,1,application/json,0,3.0472,1,1,mixed,0.1244,0
1,0,Lax,1,1,POST,1,multipart/form-data,1,4.8054,0,0,cookie,0.2532,0
0,0,absent,0,0,PATCH,1,application/x-www-form-urlencoded,1,0.0,0,0,mixed,0.7114,1
0,0,None,0,0,POST,1,multipart/form-data,1,0.0,0,1,cookie,0.872,1
1,1,Lax,0,0,POST,1,multipart/form-data,1,3.9662,1,0,cookie,0.1972,0
1,1,Lax,0,1,PUT,1,application/json,1,3.7192,1,0,mixed,0.2059,0
1,0,Lax,1,0,POST,1,application/x-www-form-urlencoded,1,4.7449,1,0,none,0.2696,0
1,1,Lax,1,1,PATCH,1,multipart/form-data,0,5.0541,1,1,cookie,0.4019,0
0,0,absent,0,0,POST,1,application/x-www-form-urlencoded,1,0.0,0,1,cookie,0.6154,1
0,0,absent,0,0,POST,1,application/x-www-form-urlencoded,1,0.0,0,1,cookie,0.6177,1
1,0,Strict,1,1,PUT,1,application/json,1,5.409,1,1,mixed,0.1304,0
1,0,Lax,1,0,POST,1,application/x-www-form-urlencoded,1,4.1623,1,1,header_only,0.5979,0
1,1,Lax,0,0,POST,1,text/plain,0,3.9327,1,1,mixed,0.3886,0
1,1,Strict,1,0,PATCH,1,application/json,1,4.3445,1,1,none,0.5623,0
0,0,None,0,0,GET,0,multipart/form-data,1,0.0,0,0,mixed,0.5751,1
0,0,absent,0,0,PUT,1,application/x-www-form-urlencoded,1,0.0,0,1,cookie,0.5091,1
1,0,Lax,0,1,GET,1,multipart/form-data,1,3.5562,1,0,header_only,0.2006,0
0,0,absent,0,0,PUT,1,application/x-www-form-urlencoded,1,0.0,0,0,cookie,0.8366,1
1,1,Strict,1,1,PUT,1,application/json,1,5.1856,1,0,none,0.0706,0
0,0,None,0,0,DELETE,1,text/plain,1,0.0,0,1,cookie,0.831,1
1,0,Strict,1,1,DELETE,0,multipart/form-data,0,4.8236,1,0,header_only,0.1866,0
0,0,absent,0,0,PUT,1,multipart/form-data,1,0.0,0,1,cookie,0.5728,1
0,0,absent,0,0,POST,1,application/x-www-form-urlencoded,1,0.0,0,1,cookie,0.7505,1
1,1,Lax,1,0,POST,1,application/x-www-form-urlencoded,0,5.1555,1,1,mixed,0.4514,0
1,1,Lax,1,0,POST,1,application/json,0,3.1246,1,1,mixed,0.6494,0
1,0,Strict,0,1,GET,1,application/json,0,4.5676,1,1,none,0.3448,0
0,0,absent,0,0,DELETE,1,application/json,1,0.0,0,1,cookie,0.5293,1
1,0,Lax,1,0,POST,1,application/x-www-form-urlencoded,1,3.504,1,0,none,0.2898,0
0,0,absent,0,0,DELETE,1,application/x-www-form-urlencoded,1,0.0,0,1,cookie,0.7177,1
0,0,None,0,0,GET,0,multipart/form-data,1,0.0,0,1,cookie,0.7679,1
0,0,absent,0,0,DELETE,1,application/json,1,0.0,0,1,cookie,0.622,1
1,0,Lax,1,0,POST,1,application/x-www-form-urlencoded,1,4.6947,1,0,mixed,0.3062,0
1,0,Strict,1,0,GET,1,application/x-www-form-urlencoded,0,4.6985,1,0,cookie,0.5228,0
1,1,Lax,0,0,POST,1,application/x-www-form-urlencoded,1,4.4701,0,1,cookie,0.2111,0
0,0,None,0,0,GET,0,multipart/form-data,1,0.0,0,1,cookie,0.8398,1
0,0,absent,0,0,POST,1,application/x-www-form-urlencoded,1,0.0,0,1,cookie,0.7389,1
1,1,Strict,1,1,DELETE,0,multipart/form-data,0,4.6268,1,1,header_only,0.3887,0
1,0,Strict,1,1,POST,1,application/x-www-form-urlencoded,0,3.7667,1,0,cookie,0.2574,0
1,0,Lax,1,0,POST,0,text/plain,0,5.863,1,0,cookie,0.495,0
1,0,Lax,1,1,PUT,1,multipart/form-data,1,4.6136,1,0,none,0.07,0
0,1,Lax,1,1,PUT,1,application/x-www-form-urlencoded,1,5.598,1,1,none,0.3412,0
0,0,None,0,0,POST,1,application/x-www-form-urlencoded,1,0.0,0,1,cookie,0.8311,1
0,0,absent,0,0,PUT,1,application/x-www-form-urlencoded,1,0.0,0,0,cookie,0.6152,1
0,0,absent,0,0,POST,1,application/json,1,0.0,0,1,cookie,0.8158,1
0,0,absent,0,0,POST,1,application/x-www-form-urlencoded,1,0.0,0,1,cookie,0.903,1
1,1,Lax,1,0,POST,1,text/plain,0,5.3459,1,1,header_only,0.2439,0
0,0,absent,0,0,DELETE,1,application/x-www-form-urlencoded,1,0.0,0,1,cookie,0.9337,1
0,0,None,0,0,PUT,1,application/x-www-form-urlencoded,1,0.0,0,1,mixed,0.7544,1
0,0,absent,0,0,DELETE,1,application/x-www-form-urlencoded,1,0.0,0,0,cookie,0.4611,1
1,1,Lax,1,0,GET,0,application/x-www-form-urlencoded,1,3.6329,1,0,none,0.5033,0
1,0,Strict,1,0,PUT,1,application/x-www-form-urlencoded,1,5.0672,1,0,mixed,0.2147,0
0,0,None,0,0,POST,1,multipart/form-data,1,0.0,0,1,mixed,0.7443,1
1,0,Lax,1,0,POST,1,application/x-www-form-urlencoded,1,5.099,1,1,cookie,0.0125,0
1,0,Lax,0,1,DELETE,1,multipart/form-data,1,3.4915,1,1,header_only,0.6146,0
1,1,Lax,1,1,POST,1,multipart/form-data,1,4.8195,1,1,mixed,0.2858,0
0,0,absent,0,0,POST,1,application/x-www-form-urlencoded,1,0.0,0,0,mixed,0.6553,1
1,0,Lax,1,0,GET,1,application/json,0,5.2803,1,0,none,0.4934,0
1,0,absent,0,1,PUT,0,application/x-www-form-urlencoded,0,3.0842,0,0,header_only,0.0139,0
0,0,absent,0,0,GET,0,multipart/form-data,1,0.0,0,1,cookie,0.5546,1
0,0,absent,0,0,PUT,1,multipart/form-data,1,0.0,0,1,cookie,0.4046,1
0,1,Strict,1,1,PATCH,1,application/json,1,5.5823,1,0,cookie,0.3148,0
0,0,absent,0,0,POST,1,application/json,1,0.0,0,1,mixed,0.8064,1
0,0,absent,0,0,GET,0,multipart/form-data,1,0.0,0,1,cookie,0.9617,1
1,0,Lax,1,0,DELETE,1,application/json,0,4.1735,1,1,none,0.1474,0
1,1,Lax,1,0,POST,1,application/x-www-form-urlencoded,1,4.7232,1,0,none,0.3562,0
1,1,Strict,1,1,POST,1,application/x-www-form-urlencoded,1,4.8607,1,0,none,0.0719,0
0,1,Lax,1,0,GET,0,multipart/form-data,1,3.6883,1,0,header_only,0.3694,0
1,1,Strict,1,1,POST,1,application/x-www-form-urlencoded,1,5.6439,1,1,none,0.3901,0
1,0,Strict,1,1,POST,1,text/plain,0,5.031,1,1,none,0.6866,0
0,0,absent,0,0,PUT,1,application/x-www-form-urlencoded,1,0.0,0,0,mixed,0.9671,1
1,1,Strict,1,1,POST,1,multipart/form-data,1,4.1886,1,1,none,0.0879,0
1,1,Strict,1,1,POST,1,multipart/form-data,1,4.939,1,0,mixed,0.5762,0
0,0,None,0,0,PUT,1,application/x-www-form-urlencoded,1,0.0,0,1,mixed,0.5705,1
1,0,Strict,1,0,GET,1,application/x-www-form-urlencoded,1,4.6239,1,1,header_only,0.3163,0
1,1,Strict,1,1,POST,1,application/json,0,4.17,1,1,cookie,0.3033,0
0,0,None,0,0,POST,1,application/x-www-form-urlencoded,1,0.0,0,1,mixed,0.3278,1
0,1,Lax,0,0,POST,1,application/x-www-form-urlencoded,1,3.5893,1,1,mixed,0.6918,0
1,1,Lax,1,1,POST,1,application/x-www-form-urlencoded,1,4.7725,1,1,mixed,0.5343,0
0,0,absent,0,0,POST,1,application/x-www-form-urlencoded,1,0.0,0,0,cookie,0.3727,1
1,1,Strict,1,0,POST,1,multipart/form-data,1,5.3089,1,1,mixed,0.325,0
0,0,None,0,0,GET,0,application/x-www-form-urlencoded,1,0.0,0,1,cookie,0.6134,1
1,1,Lax,1,1,POST,1,application/x-www-form-urlencoded,1,4.859,1,1,cookie,0.3447,0
1,1,Strict,1,0,POST,1,text/plain,1,4.283,1,1,header_only,0.4757,0
1,0,Lax,1,1,PUT,1,multipart/form-data,1,4.6679,1,0,none,0.2311,0
1,0,Strict,1,1,POST,1,application/x-www-form-urlencoded,1,4.9634,1,1,cookie,0.1334,0
1,0,Strict,0,1,DELETE,1,text/plain,0,4.5796,1,1,header_only,0.4992,0
0,0,absent,0,0,POST,1,application/json,1,0.0,0,1,cookie,0.7256,1
0,0,absent,0,0,POST,1,multipart/form-data,1,0.0,0,0,cookie,0.4751,1
0,1,Lax,0,0,POST,1,text/plain,1,4.7627,0,0,cookie,0.557,0
0,0,None,0,0,PUT,1,application/json,1,0.0,0,0,cookie,0.8394,1
0,0,absent,0,0,POST,1,application/x-www-form-urlencoded,1,0.0,0,1,mixed,0.7499,1
0,0,absent,0,0,PUT,1,application/json,1,0.0,0,1,cookie,0.3966,1
1,1,Lax,1,0,POST,1,application/x-www-form-urlencoded,0,4.5077,1,0,cookie,0.354,0
0,0,absent,0,0,POST,1,application/x-www-form-urlencoded,1,0.0,0,1,cookie,0.3277,1
1,0,Strict,1,0,GET,1,text/plain,1,5.7503,1,1,header_only,0.3959,0
1,0,Lax,1,1,POST,1,multipart/form-data,1,3.992,1,1,none,0.0071,0
0,0,absent,0,0,POST,1,multipart/form-data,1,0.0,0,1,cookie,0.591,1
1,1,Strict,1,0,POST,0,application/json,1,4.811,1,1,none,0.0553,0
1,0,Strict,1,1,POST,1,text/plain,0,5.2738,1,0,cookie,0.5515,0
1,1,Strict,1,1,GET,1,multipart/form-data,0,3.5543,1,0,none,0.249,0
0,0,absent,0,0,DELETE,1,application/x-www-form-urlencoded,1,0.0,0,1,cookie,0.8521,1
0,0,absent,0,0,GET,0,application/x-www-form-urlencoded,1,0.0,0,0,mixed,0.8229,1
0,0,absent,0,0,PUT,1,multipart/form-data,1,0.0,0,0,cookie,0.9219,1
1,1,Strict,0,1,PUT,1,text/plain,1,5.0581,1,1,none,0.2487,0
1,1,Strict,1,1,PUT,1,multipart/form-data,0,4.2377,1,1,mixed,0.3834,0
0,0,None,0,0,POST,1,application/x-www-form-urlencoded,1,0.0,0,1,cookie,0.5196,1
0,0,absent,0,0,POST,1,application/x-www-form-urlencoded,1,0.0,0,1,mixed,0.6931,1
0,0,absent,0,0,POST,1,application/x-www-form-urlencoded,1,0.0,0,1,cookie,0.605,1
0,0,absent,0,0,GET,0,application/x-www-form-urlencoded,1,0.0,0,1,cookie,0.774,1
0,1,Strict,0,0,POST,1,application/x-www-form-urlencoded,1,4.0908,1,1,cookie,0.585,0
1,0,absent,0,0,POST,1,application/x-www-form-urlencoded,1,1.4815,0,1,mixed,0.9491,1
1,1,Lax,0,0,GET,0,multipart/form-data,1,5.1803,1,0,header_only,0.2613,0
0,0,absent,1,0,GET,0,multipart/form-data,1,0.0,0,1,mixed,0.5403,1
0,0,absent,0,0,POST,1,application/x-www-form-urlencoded,1,0.0,0,0,cookie,0.5958,1
1,0,Strict,1,1,POST,1,text/plain,1,4.09,0,1,mixed,0.3934,0
1,1,Strict,1,1,POST,1,multipart/form-data,1,3.6031,1,0,cookie,0.2828,0
1,0,None,1,0,POST,1,application/x-www-form-urlencoded,1,0.504,0,1,cookie,0.7092,1
0,0,Strict,1,0,DELETE,1,application/x-www-form-urlencoded,1,4.0756,1,0,none,0.4889,0
1,0,absent,0,0,POST,1,multipart/form-data,1,1.2692,0,1,cookie,0.4917,1
1,1,Strict,1,0,PUT,1,application/x-www-form-urlencoded,1,3.966,1,0,none,0.4145,0
0,0,absent,0,0,GET,0,application/x-www-form-urlencoded,1,0.0,0,1,cookie,0.9305,1
0,0,None,0,0,POST,1,application/x-www-form-urlencoded,1,0.0,0,1,cookie,0.5588,1
0,0,None,0,0,POST,1,multipart/form-data,1,0.0,0,0,mixed,0.6374,1
1,0,Lax,1,1,PUT,1,application/x-www-form-urlencoded,0,3.6594,1,0,mixed,0.3297,0
0,0,absent,0,0,POST,1,multipart/form-data,1,0.0,0,0,cookie,0.9732,1
1,0,Lax,0,0,POST,1,multipart/form-data,1,5.2221,1,1,mixed,0.6891,0
0,0,None,0,0,POST,1,application/json,1,0.0,0,1,cookie,0.3039,1
1,1,Lax,1,0,PUT,1,multipart/form-data,1,4.5612,1,1,mixed,0.1465,0
0,0,None,0,0,PATCH,1,application/x-www-form-urlencoded,1,0.0,0,1,cookie,0.498,1
1,0,Lax,1,0,POST,1,multipart/form-data,1,0.6207,0,1,cookie,0.5139,1
0,1,Lax,1,0,PUT,1,application/json,1,3.7059,0,0,mixed,0.4309,0
0,0,absent,0,0,GET,0,multipart/form-data,1,0.0,0,0,cookie,0.3472,1
1,0,Strict,1,1,POST,1,multipart/form-data,1,5.7025,1,0,cookie,0.3714,0
1,0,absent,0,0,POST,1,application/json,1,1.8858,0,1,cookie,0.7169,1
1,1,absent,1,0,DELETE,0,application/json,1,2.0525,1,0,mixed,0.2897,0
1,1,Lax,0,1,PATCH,1,text/plain,1,3.5562,1,1,cookie,0.1205,0
0,0,absent,0,0,POST,1,application/x-www-form-urlencoded,1,0.0,0,1,cookie,0.601,1
0,0,absent,0,0,POST,1,application/x-www-form-urlencoded,1,0.0,0,1,cookie,0.5988,1
0,0,None,0,0,POST,1,multipart/form-data,1,0.0,0,1,cookie,0.7602,1
1,1,Lax,1,1,POST,1,application/x-www-form-urlencoded,1,5.4116,1,0,mixed,0.556,0
1,0,Strict,1,1,PUT,1,application/json,1,4.0214,1,0,cookie,0.1802,0
0,0,None,0,0,POST,1,multipart/form-data,1,0.0,0,0,cookie,0.9573,1
1,1,Lax,1,1,POST,1,multipart/form-data,1,4.9605,1,1,cookie,0.4189,0
0,0,absent,0,0,POST,1,multipart/form-data,0,0.0,0,1,mixed,0.4451,1
0,0,absent,0,0,POST,1,multipart/form-data,1,0.0,0,1,cookie,0.8026,1
1,1,Lax,0,0,POST,1,text/plain,1,5.5167,1,1,cookie,0.3635,0
1,1,Lax,0,0,POST,1,application/x-www-form-urlencoded,1,5.7488,1,0,none,0.6668,0
0,0,absent,0,0,GET,0,application/x-www-form-urlencoded,1,0.0,0,1,cookie,0.9825,1
1,1,Strict,1,0,POST,1,application/json,0,4.5554,1,1,none,0.314,0
1,1,Lax,1,0,POST,1,application/x-www-form-urlencoded,1,4.9701,1,1,none,0.0672,0
0,0,absent,0,0,PUT,1,multipart/form-data,1,0.0,0,1,mixed,0.8935,1
1,0,Strict,1,0,PUT,1,multipart/form-data,1,4.8132,1,1,mixed,0.1352,0
0,0,Lax,1,1,PUT,1,text/plain,0,3.2571,1,0,mixed,0.0585,0
1,1,Lax,1,1,GET,0,multipart/form-data,1,4.0601,0,0,cookie,0.3021,0
0,0,None,0,0,GET,0,application/json,1,0.0,0,1,cookie,0.6301,1
0,0,absent,0,0,PUT,1,application/json,1,0.0,0,0,cookie,0.709,1
0,0,absent,0,0,POST,1,application/x-www-form-urlencoded,1,0.0,0,0,mixed,0.8897,1
1,1,Lax,1,0,POST,1,application/x-www-form-urlencoded,1,3.884,1,1,cookie,0.4012,0
0,0,None,0,0,POST,1,application/x-www-form-urlencoded,1,0.0,0,1,mixed,0.4497,1
1,1,Lax,0,0,PATCH,1,application/json,1,3.0419,1,1,none,0.3582,0
0,1,absent,1,1,POST,1,text/plain,0,0.0,0,0,none,0.679,1
1,0,Strict,1,0,POST,1,application/x-www-form-urlencoded,0,5.2476,1,1,cookie,0.1993,0
1,0,Strict,0,1,GET,0,application/x-www-form-urlencoded,0,3.6358,1,1,none,0.3334,0
0,0,absent,0,0,GET,0,multipart/form-data,1,0.0,0,1,cookie,0.3214,1
1,0,Strict,1,1,PUT,1,multipart/form-data,0,4.511,1,0,cookie,0.2987,0
1,0,Lax,0,1,PUT,1,multipart/form-data,1,3.1348,1,0,mixed,0.1726,0
0,0,absent,0,0,POST,1,application/x-www-form-urlencoded,1,0.0,0,1,cookie,0.7486,1
0,1,None,1,0,PATCH,1,text/plain,1,5.6761,0,1,mixed,0.366,0
1,1,Lax,1,0,POST,1,application/x-www-form-urlencoded,0,3.598,1,1,mixed,0.3979,0
0,0,absent,0,0,PATCH,1,application/x-www-form-urlencoded,1,0.0,0,1,mixed,0.9317,1
0,0,absent,0,0,PATCH,1,multipart/form-data,1,0.0,0,0,cookie,0.6114,1
1,0,Lax,1,0,POST,1,application/x-www-form-urlencoded,0,4.9002,1,0,cookie,0.3243,0
1,0,Lax,1,0,POST,1,application/json,1,4.036,1,0,mixed,0.5189,0
1,1,Lax,1,0,POST,1,application/json,1,4.451,1,1,cookie,0.4794,0
1,0,Strict,1,0,POST,0,text/plain,0,5.6837,1,0,cookie,0.3997,0
0,0,absent,0,0,PUT,1,application/x-www-form-urlencoded,1,0.0,0,1,mixed,0.8298,1
0,0,Lax,0,1,PUT,1,application/x-www-form-urlencoded,1,5.2003,1,1,mixed,0.6306,0
0,0,None,0,0,POST,1,application/x-www-form-urlencoded,1,0.0,0,0,mixed,0.9117,1
1,1,Strict,1,0,GET,1,application/x-www-form-urlencoded,0,5.3744,1,1,none,0.1904,0
0,0,absent,0,0,POST,1,application/x-www-form-urlencoded,1,0.0,0,1,cookie,0.365,1
1,1,Strict,1,0,POST,1,application/json,1,3.9069,1,0,cookie,0.3033,0
0,0,None,0,0,POST,1,application/x-www-form-urlencoded,1,0.0,0,1,mixed,0.521,1
1,1,Lax,0,0,DELETE,1,text/plain,1,3.1652,1,0,header_only,0.4339,0
1,0,Strict,0,0,POST,1,application/json,1,3.3776,1,0,mixed,0.2445,0
1,0,None,0,1,POST,1,text/plain,1,4.6195,0,0,mixed,0.5812,0
0,0,absent,0,0,POST,1,application/json,1,0.0,0,1,cookie,0.9839,1
1,0,Strict,1,0,POST,1,application/x-www-form-urlencoded,1,3.8991,1,1,cookie,0.3902,0
0,0,absent,0,0,POST,1,multipart/form-data,1,0.0,0,0,cookie,0.6481,1
1,0,Lax,1,1,DELETE,1,application/json,1,3.0407,1,1,none,0.2613,0
0,0,None,0,0,PUT,1,application/json,1,0.0,0,1,cookie,0.6907,1
1,0,absent,0,0,PATCH,1,multipart/form-data,1,2.424,0,1,mixed,0.5404,1
0,0,absent,0,0,PATCH,1,application/json,0,0.0,0,0,mixed,0.2409,1
0,0,absent,0,0,POST,1,application/x-www-form-urlencoded,1,0.0,0,0,cookie,0.7772,1
1,0,Lax,1,0,POST,0,application/x-www-form-urlencoded,1,4.217,1,1,header_only,0.4311,0
1,0,Lax,1,0,POST,1,application/x-www-form-urlencoded,0,4.0135,1,0,cookie,0.4196,0
1,1,Strict,1,1,PUT,1,application/x-www-form-urlencoded,1,3.2507,1,1,cookie,0.4798,0
0,0,Lax,1,0,POST,1,application/json,1,4.3637,1,1,none,0.2217,0
0,0,None,0,0,GET,0,multipart/form-data,1,0.0,0,1,cookie,0.8067,1
0,1,Lax,1,1,POST,1,multipart/form-data,1,4.3352,1,1,mixed,0.6993,0
1,0,Strict,1,1,DELETE,0,multipart/form-data,1,3.6241,1,0,header_only,0.1884,0
1,0,Lax,0,0,GET,0,application/x-www-form-urlencoded,0,5.7815,1,0,mixed,0.5441,0
1,0,Lax,1,0,DELETE,1,multipart/form-data,1,4.2778,1,0,header_only,0.1349,0
0,0,absent,0,0,POST,1,multipart/form-data,1,0.0,0,1,cookie,0.456,1
1,1,Strict,0,0,GET,0,application/json,0,4.6914,1,0,none,0.516,0
1,1,Strict,0,0,POST,0,application/x-www-form-urlencoded,1,3.7826,1,1,none,0.1269,0
1,0,Lax,1,0,PUT,1,application/json,1,5.2383,1,1,cookie,0.1422,0
1,0,Lax,1,1,PUT,1,application/x-www-form-urlencoded,1,3.5293,1,0,cookie,0.4399,0
0,0,absent,0,0,POST,1,application/json,1,0.0,0,1,mixed,0.5567,1
0,1,Strict,0,1,DELETE,1,application/json,0,3.9693,1,0,header_only,0.6496,0
0,0,absent,0,0,DELETE,1,application/json,1,0.0,0,0,cookie,0.5765,1
1,0,Strict,1,0,DELETE,0,multipart/form-data,0,4.9029,1,1,none,0.2264,0
1,0,absent,0,0,POST,1,application/x-www-form-urlencoded,1,1.228,0,1,mixed,0.7427,1
1,1,Strict,0,1,POST,1,application/x-www-form-urlencoded,1,4.5136,1,0,cookie,0.3847,0
1,0,Lax,0,1,DELETE,1,multipart/form-data,1,4.872,1,0,none,0.4081,0
0,0,None,0,0,DELETE,1,multipart/form-data,1,0.0,0,1,mixed,0.8539,1
0,0,absent,0,0,POST,1,application/x-www-form-urlencoded,1,0.0,0,0,cookie,0.8386,1
0,0,absent,0,0,PATCH,1,application/json,1,0.0,0,0,cookie,0.8808,1
1,1,Lax,1,0,POST,1,application/x-www-form-urlencoded,1,4.4618,1,1,cookie,0.0756,0
0,0,absent,0,0,PUT,1,application/x-www-form-urlencoded,1,0.0,0,0,cookie,0.883,1
1,0,Lax,1,0,POST,1,application/x-www-form-urlencoded,1,5.4749,1,0,none,0.0488,0
0,0,None,1,1,POST,0,application/x-www-form-urlencoded,0,2.852,0,0,mixed,0.2503,0
1,1,Strict,1,1,PUT,1,application/x-www-form-urlencoded,0,4.9737,1,1,cookie,0.4913,0
1,1,Lax,1,0,GET,0,application/x-www-form-urlencoded,1,4.0292,1,0,none,0.208,0
1,1,Lax,0,0,GET,0,multipart/form-data,1,5.6963,1,1,none,0.1194,0
0,0,None,0,0,PATCH,1,application/x-www-form-urlencoded,1,0.0,0,1,cookie,0.8601,1
1,0,Lax,1,0,POST,0,application/json,1,3.9326,1,1,none,0.5742,0
0,0,absent,0,0,POST,1,multipart/form-data,0,0.0,0,1,mixed,0.2242,1
1,0,Lax,1,1,DELETE,1,text/plain,1,2.468,0,1,cookie,0.0279,0
1,1,Strict,0,0,POST,1,multipart/form-data,0,5.6638,1,1,none,0.2864,0
1,1,Lax,1,1,POST,1,multipart/form-data,1,5.4855,1,0,none,0.311,0
1,0,Strict,1,0,PUT,1,application/x-www-form-urlencoded,1,4.8745,1,0,none,0.3758,0
0,0,absent,0,0,POST,1,multipart/form-data,1,0.0,0,1,cookie,0.4799,1
1,1,Strict,1,1,PUT,1,application/x-www-form-urlencoded,0,5.4369,1,0,mixed,0.6011,0
0,0,None,0,0,POST,1,application/x-www-form-urlencoded,1,0.0,0,1,cookie,0.9235,1
0,0,None,0,0,PUT,1,application/json,1,0.0,0,1,cookie,0.6728,1
0,0,absent,0,0,PUT,1,application/x-www-form-urlencoded,1,0.0,0,1,cookie,0.6053,1
0,0,absent,0,0,PATCH,1,application/x-www-form-urlencoded,1,0.0,0,0,cookie,0.9092,1
1,0,Strict,1,0,GET,1,text/plain,1,5.5967,1,0,mixed,0.5485,0
0,0,None,0,0,PATCH,1,application/json,1,0.0,0,0,mixed,0.3324,1
0,0,absent,0,0,PATCH,1,application/x-www-form-urlencoded,1,0.0,0,0,cookie,0.4273,1
0,0,absent,0,0,POST,1,application/x-www-form-urlencoded,1,0.0,0,1,cookie,0.5809,1
0,0,absent,0,0,PATCH,1,multipart/form-data,1,0.0,0,0,mixed,0.9967,1
0,0,absent,0,0,POST,1,multipart/form-data,1,0.0,0,0,cookie,0.4193,1
1,1,Lax,0,0,PUT,1,application/json,0,3.0458,1,0,mixed,0.0234,0
0,0,absent,0,0,GET,0,multipart/form-data,1,0.0,0,1,cookie,0.8593,1
1,0,Strict,0,0,GET,0,text/plain,1,5.1021,1,1,none,0.6003,0
1,0,Lax,1,0,POST,1,application/json,1,4.5821,1,1,header_only,0.5873,0
0,0,None,0,0,PUT,1,application/x-www-form-urlencoded,1,0.0,0,0,cookie,0.6696,1
0,1,Lax,1,1,PUT,1,multipart/form-data,1,3.0207,1,0,mixed,0.2915,0
1,0,Strict,1,0,GET,1,text/plain,1,3.8051,1,0,header_only,0.4284,0
0,0,absent,0,0,PUT,1,application/x-www-form-urlencoded,1,0.0,0,0,cookie,0.9012,1
0,0,None,0,0,POST,1,application/x-www-form-urlencoded,1,0.0,0,1,mixed,0.7638,1
1,1,Strict,1,1,PUT,1,text/plain,1,3.515,1,0,mixed,0.5501,0
0,0,absent,0,0,PATCH,1,multipart/form-data,1,0.0,0,0,mixed,0.7026,1
0,0,Lax,1,1,POST,1,application/x-www-form-urlencoded,1,4.7655,1,1,none,0.2171,0
0,0,None,0,0,POST,1,application/x-www-form-urlencoded,1,0.0,0,0,cookie,0.8316,1
1,0,Lax,1,1,POST,1,application/x-www-form-urlencoded,1,5.1454,1,0,cookie,0.3138,0
0,0,absent,0,0,POST,1,application/x-www-form-urlencoded,1,0.0,0,1,cookie,0.9566,1
0,0,absent,0,0,POST,1,multipart/form-data,1,0.0,0,0,cookie,0.7657,1
1,0,Strict,1,0,PATCH,1,application/x-www-form-urlencoded,1,3.3922,1,1,none,0.4421,0
0,0,None,0,0,POST,1,multipart/form-data,1,0.0,0,1,cookie,0.91,1
0,1,Strict,1,0,POST,1,application/x-www-form-urlencoded,1,4.0162,1,0,none,0.224,0
0,0,None,0,0,POST,1,application/x-www-form-urlencoded,1,0.0,0,1,cookie,0.5859,1
1,1,Strict,1,0,PUT,1,application/x-www-form-urlencoded,1,3.9919,0,0,cookie,0.2684,0
0,0,absent,0,0,GET,0,application/x-www-form-urlencoded,1,0.0,0,1,mixed,0.8998,1
1,1,None,1,0,PUT,1,application/x-www-form-urlencoded,1,3.2417,0,0,none,0.549,0
1,1,Lax,0,1,POST,1,multipart/form-data,1,4.5843,0,0,cookie,0.4314,0
0,0,absent,0,0,PUT,1,multipart/form-data,1,0.0,0,1,cookie,0.9448,1
0,0,absent,0,0,GET,0,application/x-www-form-urlencoded,1,0.0,0,0,mixed,0.3729,1
0,0,absent,0,0,POST,1,application/x-www-form-urlencoded,1,0.0,0,1,cookie,0.4602,1
0,0,absent,0,0,POST,1,multipart/form-data,1,0.0,0,1,cookie,0.6259,1
1,1,Strict,0,1,PUT,1,multipart/form-data,1,4.665,1,1,none,0.032,0
0,0,None,0,0,PUT,1,multipart/form-data,1,0.0,0,1,cookie,0.4425,1
0,0,None,0,0,GET,0,multipart/form-data,1,0.0,0,1,mixed,0.9237,1
1,1,Strict,0,0,POST,1,application/x-www-form-urlencoded,0,4.8378,1,1,mixed,0.4775,0
0,1,Strict,0,1,POST,1,application/json,0,5.1276,1,1,cookie,0.3882,0
1,1,Strict,1,0,PUT,1,application/x-www-form-urlencoded,0,5.128,1,0,cookie,0.0441,0
1,1,Lax,1,0,POST,1,application/x-www-form-urlencoded,0,4.5976,1,0,mixed,0.4716,0
0,0,absent,0,0,POST,1,application/x-www-form-urlencoded,1,0.0,0,0,cookie,0.8327,1
0,0,absent,0,0,GET,0,multipart/form-data,1,0.0,0,1,cookie,0.3088,1
1,0,Lax,1,0,POST,1,text/plain,0,5.1758,1,0,none,0.4526,0
0,0,absent,0,0,POST,1,application/x-www-form-urlencoded,1,0.0,0,1,cookie,0.9182,1
0,0,absent,0,0,PUT,1,multipart/form-data,1,0.0,0,1,cookie,0.6553,1
0,0,absent,0,0,POST,1,multipart/form-data,1,0.0,0,0,cookie,0.5135,1
0,0,None,0,0,DELETE,1,application/json,1,0.0,0,0,cookie,0.874,1
1,1,Lax,1,1,POST,1,application/x-www-form-urlencoded,1,4.7495,1,1,cookie,0.0023,0
1,0,Lax,0,0,DELETE,1,multipart/form-data,1,3.9663,0,0,mixed,0.6764,0
1,1,Lax,1,1,GET,0,application/json,1,4.009,1,0,none,0.5026,0
1,0,Strict,1,1,POST,1,application/x-www-form-urlencoded,1,5.4571,1,1,none,0.5216,0
0,0,None,0,0,GET,0,application/x-www-form-urlencoded,1,0.0,0,1,cookie,0.7655,1
1,1,Strict,1,1,GET,0,multipart/form-data,0,5.364,1,0,header_only,0.0183,0
1,0,None,0,0,PUT,1,application/x-www-form-urlencoded,1,1.0858,0,0,cookie,0.5464,1
1,0,Strict,0,1,GET,0,application/json,0,4.3884,1,1,none,0.6233,0
0,0,absent,0,0,POST,1,multipart/form-data,1,0.0,0,1,cookie,0.8933,1
1,0,Strict,0,0,PUT,0,application/x-www-form-urlencoded,0,3.7566,1,1,header_only,0.4582,0
0,0,absent,0,0,PATCH,1,application/json,1,0.0,0,0,cookie,0.9026,1
0,0,absent,0,0,POST,1,application/x-www-form-urlencoded,1,0.0,0,0,cookie,0.5887,1
0,0,None,0,0,PUT,1,multipart/form-data,1,0.0,0,1,mixed,0.5287,1
1,1,Strict,0,0,PUT,0,application/json,1,4.2345,1,0,mixed,0.4581,0
0,0,None,0,0,POST,1,application/x-www-form-urlencoded,1,0.0,0,0,cookie,0.749,1
1,1,Lax,1,0,DELETE,1,application/json,0,4.1747,1,1,header_only,0.0239,0
0,0,absent,0,0,POST,1,application/x-www-form-urlencoded,1,0.0,0,1,mixed,0.7861,1
0,0,None,0,0,DELETE,1,application/json,0,0.0,0,1,cookie,0.2667,1
0,0,Lax,1,1,POST,0,text/plain,0,2.766,0,1,header_only,0.2914,0
0,0,None,0,0,POST,1,application/x-www-form-urlencoded,1,0.0,0,1,cookie,0.7714,1
0,0,None,0,0,PATCH,1,multipart/form-data,1,0.0,0,1,cookie,0.4671,1
1,0,Lax,1,0,GET,0,application/json,1,3.5594,1,0,cookie,0.2595,0
0,0,absent,0,0,DELETE,1,application/x-www-form-urlencoded,1,0.0,0,1,cookie,0.4394,1
1,0,Strict,1,1,DELETE,1,application/x-www-form-urlencoded,0,5.4652,1,1,cookie,0.5631,0
0,0,absent,0,0,PUT,1,multipart/form-data,1,0.0,0,0,cookie,0.8211,1
1,0,Lax,1,0,PUT,1,multipart/form-data,1,5.9704,1,0,header_only,0.2681,0
0,0,absent,0,0,POST,1,multipart/form-data,1,0.0,0,1,cookie,0.6054,1
1,0,Lax,1,0,POST,1,application/x-www-form-urlencoded,1,3.9835,1,1,mixed,0.0731,0
1,1,Lax,0,0,POST,1,multipart/form-data,1,3.4944,1,0,cookie,0.4236,0
1,0,Lax,1,1,PUT,1,text/plain,1,4.6904,1,0,mixed,0.0313,0
1,1,Strict,1,1,GET,0,multipart/form-data,1,5.1477,1,0,mixed,0.5865,0
0,0,None,0,0,POST,1,multipart/form-data,1,0.0,0,1,cookie,0.9842,1
0,0,absent,0,0,POST,1,application/x-www-form-urlencoded,1,0.0,0,1,mixed,0.8302,1
0,0,absent,0,0,GET,0,multipart/form-data,1,0.0,0,1,cookie,0.8239,1
1,1,Strict,1,0,GET,1,text/plain,1,5.249,1,0,cookie,0.3327,0
1,1,Lax,0,1,DELETE,1,application/x-www-form-urlencoded,1,4.9924,1,1,none,0.4322,0
1,0,Lax,0,1,POST,1,text/plain,1,5.2323,1,1,cookie,0.0091,0
1,0,Lax,1,1,GET,0,multipart/form-data,1,3.3992,1,1,cookie,0.3013,0
0,0,absent,0,0,DELETE,1,multipart/form-data,1,0.0,0,0,cookie,0.675,1
0,0,absent,0,0,PATCH,1,application/x-www-form-urlencoded,1,0.0,0,1,cookie,0.9002,1
1,0,Strict,0,1,PUT,1,multipart/form-data,1,3.375,1,1,none,0.5966,0
1,0,Lax,1,0,GET,0,multipart/form-data,1,3.6798,1,0,cookie,0.0817,0
0,0,absent,0,0,POST,1,application/x-www-form-urlencoded,1,0.0,0,0,cookie,0.5184,1
1,0,Lax,1,1,POST,1,application/x-www-form-urlencoded,1,3.9017,1,1,cookie,0.3779,0
0,0,None,0,0,POST,1,multipart/form-data,1,0.0,0,0,cookie,0.8377,1
0,0,absent,0,0,POST,1,multipart/form-data,1,0.0,0,1,mixed,0.5507,1
0,0,None,0,0,POST,1,application/json,1,0.0,0,1,cookie,0.7792,1
0,1,Lax,1,1,POST,1,application/json,0,5.493,1,0,cookie,0.3412,0
0,0,absent,0,0,PUT,1,multipart/form-data,1,0.0,0,1,cookie,0.8772,1
0,0,None,0,0,PATCH,1,application/x-www-form-urlencoded,1,0.0,0,0,mixed,0.9681,1
0,0,absent,0,0,PATCH,1,application/x-www-form-urlencoded,1,0.0,0,1,cookie,0.9656,1
1,0,Lax,1,1,POST,1,application/x-www-form-urlencoded,1,5.2705,1,1,header_only,0.332,0
1,0,absent,1,0,PUT,1,application/json,1,0.632,1,1,none,0.3856,1
0,0,None,0,0,POST,1,application/x-www-form-urlencoded,1,0.0,0,1,cookie,0.4795,1
0,0,absent,0,0,GET,0,application/json,1,0.0,0,0,cookie,0.608,1
0,0,absent,0,0,PATCH,1,multipart/form-data,1,0.0,0,1,mixed,0.5957,1
1,0,None,0,0,PATCH,1,application/x-www-form-urlencoded,1,1.8543,0,1,cookie,0.6857,1
0,0,None,0,0,PUT,1,application/x-www-form-urlencoded,1,0.0,0,0,cookie,0.9911,1
0,0,absent,0,0,PUT,1,application/x-www-form-urlencoded,1,0.0,0,0,cookie,0.5043,1
0,0,absent,0,0,PATCH,1,multipart/form-data,1,0.0,0,1,mixed,0.9286,1
0,0,None,0,0,PUT,1,multipart/form-data,1,0.0,0,1,mixed,0.9192,1
1,0,Strict,1,1,POST,1,application/json,1,5.2294,1,1,none,0.5604,0
0,0,absent,0,0,POST,1,application/x-www-form-urlencoded,1,0.0,0,1,cookie,0.6551,1
1,0,Lax,0,0,PUT,1,multipart/form-data,1,4.7994,1,1,none,0.2536,0
0,0,None,0,0,PUT,1,multipart/form-data,1,0.0,0,0,cookie,0.769,1
0,0,None,0,0,POST,1,application/x-www-form-urlencoded,1,0.0,0,1,mixed,0.9329,1
0,0,Strict,1,0,GET,0,text/plain,1,3.0972,1,0,cookie,0.5228,0
0,0,None,0,0,GET,0,multipart/form-data,1,0.0,0,0,cookie,0.8277,1
1,0,Strict,0,0,POST,0,application/json,1,4.9742,1,0,none,0.6136,0
1,1,Lax,1,1,POST,1,application/x-www-form-urlencoded,0,5.3515,1,0,mixed,0.5693,0
0,0,absent,0,0,POST,1,application/json,1,0.0,0,1,cookie,0.6617,1
0,0,absent,0,0,GET,0,multipart/form-data,1,0.0,0,1,cookie,0.8618,1
1,1,Lax,1,1,GET,0,application/json,0,3.0686,1,0,header_only,0.3418,0
1,1,Strict,1,0,PUT,0,text/plain,0,3.9689,1,1,cookie,0.53,0
0,0,absent,0,0,PUT,1,application/x-www-form-urlencoded,1,0.0,0,1,cookie,0.5717,1
0,0,None,0,0,POST,1,multipart/form-data,1,0.0,0,1,cookie,0.7324,1
1,1,Lax,1,0,PUT,1,application/x-www-form-urlencoded,1,3.8509,1,0,cookie,0.2586,0
0,0,None,0,0,GET,0,application/x-www-form-urlencoded,1,0.0,0,1,mixed,0.5964,1
1,0,Lax,1,1,DELETE,1,application/json,1,5.8675,1,1,none,0.3942,0
1,1,Lax,1,1,POST,1,application/x-www-form-urlencoded,1,4.3672,1,1,cookie,0.5586,0
1,0,Strict,0,1,GET,0,multipart/form-data,1,3.7742,1,1,mixed,0.4982,0
1,1,Lax,1,1,POST,0,text/plain,1,5.5374,1,1,mixed,0.585,0
0,0,None,0,0,POST,1,application/x-www-form-urlencoded,1,0.0,0,1,cookie,0.499,1
0,0,None,0,0,POST,1,application/x-www-form-urlencoded,1,0.0,0,1,cookie,0.4402,1
0,0,None,0,0,DELETE,1,application/x-www-form-urlencoded,1,0.0,0,1,mixed,0.6741,1
0,0,absent,0,0,PUT,1,application/x-www-form-urlencoded,1,0.0,0,1,mixed,0.5902,1
1,0,Lax,1,1,POST,1,text/plain,1,5.9317,1,1,none,0.5549,0
1,0,Strict,1,1,PUT,1,application/x-www-form-urlencoded,1,5.1168,1,0,cookie,0.1879,0
1,0,None,1,0,POST,1,application/x-www-form-urlencoded,1,1.9768,0,1,cookie,0.4435,1
1,0,Strict,1,0,POST,1,application/json,0,4.0069,1,0,cookie,0.6441,0
1,1,Strict,1,1,POST,1,application/x-www-form-urlencoded,1,4.4048,1,1,cookie,0.0233,0
0,0,absent,0,0,POST,1,application/x-www-form-urlencoded,1,0.0,0,0,mixed,0.7718,1
0,0,absent,0,0,DELETE,1,multipart/form-data,1,0.0,0,1,mixed,0.8983,1
1,1,Lax,1,0,POST,1,text/plain,1,4.6872,1,1,header_only,0.2019,0
1,1,Strict,1,1,GET,0,application/x-www-form-urlencoded,0,4.7583,1,1,mixed,0.3191,0
1,0,Strict,1,1,POST,1,multipart/form-data,1,4.238,1,0,none,0.3854,0
1,0,None,0,0,GET,0,multipart/form-data,1,0.876,0,1,cookie,0.9015,1
1,0,None,0,0,DELETE,1,application/x-www-form-urlencoded,1,0.8543,0,0,cookie,0.493,1
1,0,Lax,1,0,POST,1,application/x-www-form-urlencoded,1,3.9958,0,1,none,0.5182,0
0,0,None,0,0,POST,1,application/json,0,0.0,0,0,cookie,0.3036,1
1,1,Lax,1,1,POST,1,multipart/form-data,1,4.0754,1,1,cookie,0.1036,0
1,0,Strict,1,1,POST,1,application/x-www-form-urlencoded,0,5.5669,1,0,cookie,0.1063,0
0,0,absent,0,0,POST,1,application/x-www-form-urlencoded,1,0.0,0,1,mixed,0.6865,1
0,1,Strict,1,1,POST,1,text/plain,0,4.6236,1,1,mixed,0.3022,0
1,0,Strict,0,1,GET,0,application/json,1,4.5589,1,0,mixed,0.1185,0
1,0,None,0,0,DELETE,1,multipart/form-data,1,2.0415,0,1,cookie,0.5338,1
1,0,Lax,1,1,GET,1,application/x-www-form-urlencoded,0,3.9193,1,1,none,0.0925,0
0,0,absent,0,0,POST,1,application/json,1,0.0,0,0,mixed,0.4179,1
1,1,Lax,1,1,POST,1,application/json,0,4.4986,1,1,mixed,0.2597,0
1,1,Lax,1,0,POST,1,application/json,1,4.7597,1,0,cookie,0.1603,0
0,0,None,0,0,POST,1,application/json,1,0.0,0,1,mixed,0.8087,1
0,0,absent,0,0,POST,1,application/x-www-form-urlencoded,1,0.0,0,1,cookie,0.4689,1
0,0,None,0,0,DELETE,1,application/x-www-form-urlencoded,1,0.0,0,0,mixed,0.4814,1
1,1,Lax,1,0,GET,0,application/x-www-form-urlencoded,1,4.8422,0,1,cookie,0.0547,0
1,1,Lax,0,0,GET,1,application/json,1,4.9318,1,0,none,0.3824,0
1,1,Strict,1,1,POST,0,application/json,1,4.6594,1,1,cookie,0.0554,0
0,0,absent,0,0,POST,1,application/x-www-form-urlencoded,1,0.0,0,0,cookie,0.5045,1
0,0,absent,0,0,PUT,1,multipart/form-data,1,0.0,0,1,cookie,0.883,1
1,0,Lax,0,1,GET,0,text/plain,0,4.8051,1,1,none,0.2454,0
1,1,Lax,1,0,GET,1,application/json,1,5.62,1,1,none,0.128,0
0,0,absent,0,0,POST,1,application/x-www-form-urlencoded,1,0.0,0,1,cookie,0.9583,1
1,1,Lax,1,1,PATCH,1,application/x-www-form-urlencoded,1,3.5745,1,0,header_only,0.1486,0
0,0,absent,0,0,PUT,1,application/json,1,0.0,0,1,cookie,0.9043,1
0,0,None,0,0,POST,1,application/x-www-form-urlencoded,1,0.0,0,1,cookie,0.4987,1
0,0,absent,0,0,POST,1,application/json,1,0.0,0,1,cookie,0.7946,1
1,1,Strict,0,1,DELETE,0,text/plain,0,5.9757,1,1,cookie,0.2585,0
0,0,absent,0,0,POST,1,application/json,1,0.0,0,0,cookie,0.9983,1
0,0,None,0,0,POST,1,application/x-www-form-urlencoded,1,0.0,0,1,cookie,0.9546,1
1,0,absent,0,0,DELETE,1,application/x-www-form-urlencoded,0,2.9517,0,1,header_only,0.6314,0
1,1,Lax,1,0,POST,1,application/x-www-form-urlencoded,1,4.5752,1,1,cookie,0.5467,0
0,0,absent,0,0,PATCH,1,application/x-www-form-urlencoded,1,0.0,0,1,cookie,0.4975,1
1,0,Strict,1,0,DELETE,1,application/x-www-form-urlencoded,1,4.21,1,0,cookie,0.2721,0
1,0,Lax,1,1,GET,0,application/json,1,3.7448,1,1,mixed,0.3316,0
0,0,None,0,0,GET,0,multipart/form-data,1,0.0,0,1,cookie,0.3294,1
1,0,Lax,1,0,GET,0,application/x-www-form-urlencoded,1,4.2531,1,1,cookie,0.0495,0
1,0,Strict,1,0,DELETE,0,application/json,1,4.9434,1,0,none,0.0798,0
1,0,Strict,1,1,GET,0,application/x-www-form-urlencoded,1,4.0403,1,0,header_only,0.6393,0
1,1,Strict,0,1,POST,0,multipart/form-data,1,4.5323,1,0,none,0.4324,0
0,0,absent,0,0,POST,1,application/json,1,0.0,0,1,cookie,0.4853,1
0,0,absent,0,0,POST,1,application/json,1,0.0,0,1,cookie,0.774,1
0,0,None,0,0,POST,1,multipart/form-data,1,0.0,0,0,mixed,0.4808,1
1,1,Lax,1,0,GET,0,application/x-www-form-urlencoded,1,3.6655,1,1,none,0.5255,0
1,1,Lax,0,0,POST,1,application/json,0,2.8396,0,0,header_only,0.6281,0
0,0,absent,0,0,PUT,1,application/json,1,0.0,0,0,cookie,0.9233,1
0,0,absent,0,0,DELETE,1,application/x-www-form-urlencoded,1,0.0,0,1,cookie,0.6302,1
0,0,absent,0,0,DELETE,1,application/json,1,0.0,0,0,cookie,0.7936,1
0,0,None,0,0,PUT,1,multipart/form-data,1,0.0,0,1,cookie,0.9879,1
1,0,Strict,1,0,DELETE,1,application/json,1,4.2484,1,1,mixed,0.1223,0
0,0,absent,0,0,POST,1,application/x-www-form-urlencoded,1,0.0,0,1,cookie,0.9501,1
1,1,Strict,0,1,GET,0,application/x-www-form-urlencoded,1,3.9912,1,1,cookie,0.1187,0
1,0,Strict,1,1,POST,1,multipart/form-data,1,4.6272,1,0,mixed,0.2269,0
0,0,absent,0,0,PATCH,1,application/x-www-form-urlencoded,1,0.0,0,1,mixed,0.7051,1
0,0,absent,0,0,POST,1,application/x-www-form-urlencoded,1,0.0,0,1,cookie,0.7736,1
0,0,absent,0,0,PUT,1,application/x-www-form-urlencoded,1,0.0,0,1,mixed,0.9375,1
0,0,None,0,0,PUT,1,application/x-www-form-urlencoded,1,0.0,0,1,cookie,0.8781,1
0,0,None,0,0,DELETE,1,text/plain,1,0.0,0,0,cookie,0.202,1
1,1,Lax,1,0,GET,0,application/json,1,4.9622,1,1,header_only,0.1124,0
1,1,Strict,1,1,POST,1,text/plain,1,4.9549,1,1,cookie,0.557,0
0,0,None,0,0,POST,1,multipart/form-data,1,0.0,0,0,mixed,0.5166,1
0,0,absent,0,0,PATCH,1,multipart/form-data,1,0.0,0,1,cookie,0.8227,1
0,0,absent,0,0,PUT,1,application/json,1,0.0,0,1,cookie,0.4758,1
0,0,absent,0,0,PUT,1,application/x-www-form-urlencoded,1,0.0,0,1,cookie,0.8487,1
1,0,Lax,1,1,GET,0,multipart/form-data,1,5.3434,1,1,none,0.3923,0
0,0,absent,0,0,POST,1,multipart/form-data,1,0.0,0,0,cookie,0.6187,1
1,0,Lax,1,1,POST,1,text/plain,0,5.1154,1,0,none,0.4467,0
0,0,absent,0,0,POST,1,application/x-www-form-urlencoded,1,0.0,0,1,cookie,0.5816,1
1,1,None,1,0,PATCH,1,text/plain,1,1.2935,0,1,mixed,0.7114,1
0,0,None,0,0,DELETE,1,application/x-www-form-urlencoded,1,0.0,0,1,cookie,0.8363,1
1,1,Lax,0,0,POST,1,application/x-www-form-urlencoded,1,3.7794,1,0,cookie,0.1764,0
1,0,Strict,1,1,DELETE,0,multipart/form-data,1,5.566,1,0,cookie,0.4978,0
1,1,Strict,0,0,DELETE,1,text/plain,1,5.3282,1,1,none,0.343,0
0,0,absent,0,0,POST,1,multipart/form-data,1,0.0,0,0,cookie,0.5348,1
0,0,absent,0,0,POST,1,application/json,1,0.0,0,1,mixed,0.796,1
0,0,Lax,1,0,PATCH,1,multipart/form-data,1,5.6518,0,1,none,0.3764,0
1,0,Strict,0,0,POST,1,text/plain,0,3.7531,1,0,header_only,0.399,0
0,0,absent,0,0,PUT,1,application/x-www-form-urlencoded,1,0.0,0,0,cookie,0.4975,1
1,0,None,0,0,POST,1,application/x-www-form-urlencoded,1,1.1992,0,1,cookie,0.7234,1
1,0,Strict,1,1,POST,1,application/x-www-form-urlencoded,1,3.8001,1,0,mixed,0.1212,0
0,0,absent,0,0,GET,0,text/plain,0,0.0,0,0,cookie,0.316,1
0,0,None,0,0,PUT,1,application/x-www-form-urlencoded,1,0.0,0,0,cookie,0.911,1
0,0,absent,0,0,PATCH,1,multipart/form-data,1,0.0,0,0,cookie,0.7615,1
1,1,Strict,1,1,POST,1,multipart/form-data,1,4.3441,1,0,mixed,0.414,0
0,0,None,0,0,POST,1,application/x-www-form-urlencoded,1,0.0,0,1,cookie,0.993,1
1,1,Lax,0,0,POST,1,application/x-www-form-urlencoded,1,4.4346,1,0,cookie,0.2787,0
0,0,None,0,0,POST,1,multipart/form-data,1,0.0,0,1,mixed,0.3443,1
1,0,Lax,1,0,PUT,1,multipart/form-data,0,3.8793,1,1,header_only,0.2921,0
0,0,absent,0,0,GET,0,application/json,0,0.0,0,1,none,0.6024,1
0,0,absent,0,0,GET,0,application/x-www-form-urlencoded,1,0.0,0,0,cookie,0.2669,1
1,1,Lax,1,0,POST,1,application/x-www-form-urlencoded,0,5.0121,1,1,none,0.4565,0
0,0,absent,0,0,POST,1,multipart/form-data,1,0.0,0,1,cookie,0.8257,1
0,0,absent,0,0,PATCH,1,application/x-www-form-urlencoded,1,0.0,0,1,cookie,0.5929,1
0,0,Strict,1,0,POST,1,multipart/form-data,1,5.2184,1,1,header_only,0.4791,0
0,0,absent,0,0,POST,1,multipart/form-data,1,0.0,0,1,mixed,0.677,1
0,0,absent,0,0,PUT,1,application/json,1,0.0,0,0,cookie,0.5674,1
0,0,absent,0,0,POST,1,application/x-www-form-urlencoded,1,0.0,0,1,cookie,0.6076,1
0,0,absent,0,0,GET,0,application/x-www-form-urlencoded,1,0.0,0,0,mixed,0.5967,1
1,0,None,0,0,GET,0,application/x-www-form-urlencoded,1,2.3915,0,1,cookie,0.3664,1
0,0,absent,0,0,POST,1,application/x-www-form-urlencoded,1,0.0,0,1,cookie,0.7484,1
0,0,None,1,0,POST,1,application/x-www-form-urlencoded,1,0.0,0,1,mixed,0.4667,1
0,0,absent,0,0,POST,1,multipart/form-data,1,0.0,0,1,cookie,0.6828,1
1,0,absent,0,0,POST,1,application/x-www-form-urlencoded,1,0.5616,0,1,cookie,0.7325,1
0,1,Strict,1,1,PUT,1,application/json,1,3.4564,1,0,none,0.4658,0
1,1,None,0,1,GET,0,multipart/form-data,1,3.3664,0,1,none,0.6184,0
0,0,absent,0,0,DELETE,1,application/x-www-form-urlencoded,1,0.0,0,0,cookie,0.6816,1
0,0,None,0,0,PATCH,1,multipart/form-data,1,0.0,0,0,cookie,0.6343,1
0,1,None,1,1,PUT,0,text/plain,0,2.122,1,0,cookie,0.6926,0
1,1,Strict,0,0,POST,1,application/json,1,5.5161,1,1,cookie,0.6843,0
0,0,None,0,0,DELETE,1,multipart/form-data,1,0.0,0,1,cookie,0.5329,1
1,1,Lax,1,1,POST,1,application/x-www-form-urlencoded,1,4.0871,1,1,cookie,0.0701,0
1,0,Strict,1,1,DELETE,1,application/x-www-form-urlencoded,0,5.9276,1,1,mixed,0.5505,0
1,0,Strict,1,0,DELETE,1,application/x-www-form-urlencoded,0,4.2937,1,1,header_only,0.509,0
0,0,absent,0,0,PUT,1,application/json,1,0.0,0,1,mixed,0.4929,1
1,0,Strict,1,1,POST,0,application/json,1,4.6929,1,1,mixed,0.1323,0
1,0,Lax,1,0,PUT,1,application/x-www-form-urlencoded,1,4.2669,0,1,mixed,0.6405,0
0,0,absent,0,0,POST,1,application/x-www-form-urlencoded,0,0.0,0,1,mixed,0.4707,1
0,0,absent,0,0,PUT,1,application/json,1,0.0,0,1,cookie,0.3928,1
0,0,None,0,0,POST,1,multipart/form-data,1,0.0,0,0,cookie,0.6377,1
0,0,None,0,0,POST,1,multipart/form-data,1,0.0,0,0,cookie,0.687,1
0,0,None,0,0,POST,1,multipart/form-data,1,0.0,0,1,cookie,0.8705,1
0,0,None,0,0,PUT,1,application/x-www-form-urlencoded,0,0.0,0,0,mixed,0.4024,1
0,0,absent,0,0,GET,0,multipart/form-data,1,0.0,0,1,cookie,0.3536,1
0,0,absent,0,0,DELETE,1,application/json,0,0.0,0,0,cookie,0.6855,1
1,0,Lax,1,1,POST,1,application/json,1,5.0791,1,1,mixed,0.4337,0
0,1,Strict,1,1,DELETE,1,text/plain,0,4.9714,1,0,cookie,0.5847,0
0,0,absent,1,1,POST,1,application/x-www-form-urlencoded,1,0.0,0,0,mixed,0.5216,1
1,0,Lax,1,1,POST,1,application/x-www-form-urlencoded,1,5.0242,1,0,mixed,0.5942,0
1,1,Lax,0,1,POST,1,application/x-www-form-urlencoded,1,4.2462,1,1,mixed,0.603,0
0,0,absent,0,0,GET,0,application/json,1,0.0,0,1,cookie,0.9176,1
1,1,Strict,1,1,POST,1,multipart/form-data,1,3.7311,1,0,mixed,0.6113,0
1,1,Strict,1,0,PUT,0,application/json,1,5.0847,1,0,mixed,0.378,0
0,0,None,0,0,POST,1,multipart/form-data,1,0.0,0,1,cookie,0.5312,1
1,1,Lax,1,0,DELETE,1,text/plain,1,5.3255,1,0,cookie,0.1717,0
1,0,Lax,1,1,POST,1,application/x-www-form-urlencoded,1,4.4103,1,0,mixed,0.3694,0
1,1,Lax,0,1,POST,1,application/x-www-form-urlencoded,0,3.6117,1,0,cookie,0.4095,0
1,0,Lax,1,1,POST,1,multipart/form-data,0,5.1979,1,0,cookie,0.1848,0
1,0,Strict,1,0,POST,1,text/plain,1,5.121,1,1,header_only,0.0593,0
0,0,absent,0,0,GET,0,application/x-www-form-urlencoded,1,0.0,0,1,cookie,0.4096,1
1,1,Strict,1,1,DELETE,1,multipart/form-data,1,3.0057,1,0,mixed,0.5726,0
0,0,None,0,0,POST,1,application/json,1,0.0,0,0,mixed,0.5591,1
1,0,Strict,1,0,POST,1,application/json,1,3.5967,1,1,mixed,0.2258,0
0,0,None,0,0,POST,1,application/x-www-form-urlencoded,1,0.0,0,0,cookie,0.93,1
0,0,absent,0,0,POST,1,application/x-www-form-urlencoded,1,0.0,0,1,cookie,0.3244,1
0,0,absent,0,0,PUT,1,application/x-www-form-urlencoded,1,0.0,0,1,cookie,0.4559,1
1,0,Lax,1,1,POST,1,multipart/form-data,1,4.164,1,0,mixed,0.3173,0
1,0,Lax,1,1,DELETE,0,application/x-www-form-urlencoded,1,5.9268,1,1,none,0.4009,0
0,0,None,0,0,PUT,1,application/json,1,0.0,0,1,mixed,0.3908,1
1,0,Lax,1,0,POST,1,application/x-www-form-urlencoded,0,4.2266,1,1,mixed,0.25,0
1,0,Lax,1,0,DELETE,1,multipart/form-data,1,4.4312,1,1,mixed,0.1145,0
1,0,Strict,1,0,PUT,1,application/x-www-form-urlencoded,0,3.5659,1,1,header_only,0.059,0
0,0,None,0,0,GET,0,application/json,1,0.0,0,1,none,0.295,1
0,1,Lax,0,1,POST,1,application/x-www-form-urlencoded,1,4.2968,1,0,none,0.329,0
1,0,Lax,1,1,GET,1,application/json,1,5.4702,1,1,none,0.5958,0
0,0,absent,0,0,POST,1,application/x-www-form-urlencoded,1,0.0,0,1,mixed,0.4546,1
0,0,None,0,0,DELETE,1,application/json,0,0.0,0,0,cookie,0.464,1
1,1,Lax,1,1,POST,0,application/json,1,2.0315,1,1,cookie,0.3516,0
0,0,absent,0,0,POST,1,application/json,1,0.0,0,1,cookie,0.4201,1
0,0,absent,0,0,POST,1,application/json,1,0.0,0,1,cookie,0.8988,1
1,0,absent,1,0,POST,1,application/x-www-form-urlencoded,1,1.5155,0,1,mixed,0.4589,1
1,1,Lax,0,0,GET,0,text/plain,1,4.051,1,0,header_only,0.3004,0
0,0,absent,0,0,PATCH,1,application/x-www-form-urlencoded,1,0.0,0,1,cookie,0.9591,1
0,0,absent,0,0,DELETE,1,application/x-www-form-urlencoded,1,0.0,0,1,mixed,0.5488,1
1,0,Strict,0,0,GET,1,application/x-www-form-urlencoded,1,4.2246,1,1,none,0.2766,0
0,0,absent,0,0,PUT,1,multipart/form-data,1,0.0,0,0,cookie,0.6107,1
1,1,Strict,0,1,DELETE,1,multipart/form-data,1,5.3878,1,0,mixed,0.3142,0
0,0,None,0,0,POST,1,application/x-www-form-urlencoded,1,0.0,0,1,cookie,0.8027,1
1,0,Lax,1,0,PUT,1,application/json,0,4.2329,1,1,none,0.2119,0
1,0,Lax,1,0,POST,1,application/x-www-form-urlencoded,1,4.9449,1,0,cookie,0.1099,0
1,0,Lax,1,0,PUT,1,application/x-www-form-urlencoded,1,5.3719,1,0,none,0.1372,0
0,0,None,0,0,GET,0,application/x-www-form-urlencoded,1,0.0,0,1,cookie,0.7075,1
1,0,Strict,0,0,GET,0,text/plain,0,4.9881,1,0,mixed,0.2436,0
0,0,None,0,0,PATCH,1,multipart/form-data,1,0.0,0,0,none,0.4519,1
1,0,absent,0,0,PUT,1,application/x-www-form-urlencoded,1,0.1405,0,0,cookie,0.7241,1
1,0,Lax,1,0,PUT,1,multipart/form-data,0,4.8825,1,1,cookie,0.2635,0
1,1,Strict,1,0,POST,1,multipart/form-data,1,5.038,1,0,header_only,0.0608,0
1,1,Lax,0,0,POST,1,application/json,1,3.194,1,0,none,0.1219,0
1,0,Strict,0,0,POST,1,application/json,0,5.4816,1,1,header_only,0.6294,0
0,0,None,0,0,DELETE,1,application/x-www-form-urlencoded,1,0.0,0,0,cookie,0.9814,1
1,0,absent,1,0,POST,1,application/x-www-form-urlencoded,1,1.8683,0,1,cookie,0.9598,1
1,0,Strict,1,0,GET,0,multipart/form-data,1,4.789,1,0,none,0.3095,0
1,0,Strict,1,0,PUT,1,application/json,0,4.9521,1,0,cookie,0.5018,0
0,0,None,0,0,POST,1,application/x-www-form-urlencoded,1,0.0,0,0,cookie,0.8044,1
1,0,Lax,1,0,POST,1,multipart/form-data,1,3.4027,0,1,none,0.5132,0
1,0,Lax,1,1,GET,0,text/plain,1,5.6139,1,0,none,0.0765,0
0,1,Strict,1,1,PATCH,1,application/json,1,5.102,1,1,mixed,0.6716,0
0,1,Lax,1,1,PATCH,1,multipart/form-data,1,4.1272,1,1,cookie,0.3618,0
1,0,Strict,1,1,POST,1,application/x-www-form-urlencoded,1,3.0511,0,1,cookie,0.4166,0
1,1,Lax,1,1,PUT,1,application/json,1,4.7882,1,0,mixed,0.021,0
0,0,None,0,0,POST,1,multipart/form-data,1,0.0,0,1,cookie,0.6372,1
1,0,Lax,1,0,GET,0,multipart/form-data,1,4.2092,1,1,cookie,0.0465,0
1,0,Lax,1,0,PUT,1,application/json,1,5.0568,1,1,none,0.128,0
1,0,absent,0,0,POST,1,application/x-www-form-urlencoded,1,1.3529,0,1,cookie,0.5723,1
1,1,Strict,0,1,POST,0,multipart/form-data,1,4.6229,1,0,header_only,0.2163,0
0,1,Lax,1,1,POST,1,application/x-www-form-urlencoded,1,3.4354,1,1,none,0.4929,0
1,0,Lax,0,1,PUT,1,application/x-www-form-urlencoded,1,4.6065,1,0,cookie,0.3514,0
0,0,absent,0,0,POST,1,application/x-www-form-urlencoded,1,0.0,0,1,cookie,0.7348,1
0,0,absent,0,0,POST,1,application/x-www-form-urlencoded,0,0.0,0,0,none,0.8238,1
0,0,absent,0,0,PATCH,1,application/json,0,0.0,0,1,none,0.9289,1
0,0,absent,0,0,GET,0,multipart/form-data,1,0.0,0,1,cookie,0.8683,1
0,0,absent,0,0,POST,1,application/x-www-form-urlencoded,1,0.0,0,1,mixed,0.5874,1
0,0,absent,0,0,POST,1,application/x-www-form-urlencoded,1,0.0,0,1,cookie,0.5262,1
1,0,Strict,0,1,DELETE,0,application/json,1,4.01,1,0,header_only,0.5197,0
1,1,Lax,1,0,GET,0,application/json,0,4.5752,1,1,mixed,0.4497,0
1,0,Strict,1,1,PUT,1,application/json,0,5.4292,1,0,none,0.5315,0
1,0,Lax,1,1,POST,1,multipart/form-data,0,5.1281,1,1,cookie,0.2957,0
0,0,absent,0,0,PATCH,1,application/x-www-form-urlencoded,1,0.0,0,0,cookie,0.6782,1
0,0,None,0,0,PUT,1,application/x-www-form-urlencoded,1,0.0,0,0,cookie,0.8829,1
0,0,absent,0,0,POST,1,application/x-www-form-urlencoded,1,0.0,0,1,mixed,0.9945,1
1,1,Lax,1,1,PUT,0,text/plain,0,2.3559,0,1,cookie,0.1007,0
0,0,absent,0,0,POST,1,multipart/form-data,1,0.0,0,1,cookie,0.4221,1
0,0,absent,0,0,PATCH,1,multipart/form-data,1,0.0,0,0,cookie,0.5777,1
0,0,absent,0,0,POST,1,application/x-www-form-urlencoded,1,0.0,0,1,cookie,0.4404,1
1,1,Strict,0,1,POST,0,multipart/form-data,1,3.7985,1,0,none,0.0482,0
0,0,absent,0,0,POST,1,application/x-www-form-urlencoded,1,0.0,0,0,mixed,0.5062,1
1,1,Lax,0,0,POST,1,application/x-www-form-urlencoded,1,4.1867,0,1,cookie,0.0827,0
0,0,None,0,0,PUT,1,multipart/form-data,1,0.0,0,0,cookie,0.6622,1
0,1,None,0,1,GET,1,multipart/form-data,1,3.7216,1,0,cookie,0.4112,0
0,1,Lax,1,0,POST,1,application/json,0,3.219,1,1,cookie,0.6333,0
0,0,None,0,0,POST,1,multipart/form-data,1,0.0,0,1,cookie,0.381,1
0,0,None,0,0,PUT,1,multipart/form-data,1,0.0,0,1,cookie,0.8214,1
0,0,None,0,0,PUT,1,application/x-www-form-urlencoded,1,0.0,0,1,cookie,0.6713,1
1,0,Lax,1,1,POST,1,application/x-www-form-urlencoded,0,5.7788,1,1,mixed,0.4989,0
1,1,Lax,1,0,PUT,0,text/plain,1,4.7077,1,0,cookie,0.1831,0
0,0,absent,0,0,GET,0,application/x-www-form-urlencoded,1,0.0,0,0,cookie,0.5389,1
0,0,absent,0,0,GET,0,multipart/form-data,1,0.0,0,1,mixed,0.8237,1
0,0,absent,0,0,POST,1,application/x-www-form-urlencoded,1,0.0,0,1,cookie,0.8259,1
0,0,None,0,0,GET,0,application/x-www-form-urlencoded,1,0.0,0,1,cookie,0.3875,1
0,0,absent,0,0,GET,0,application/json,1,0.0,0,0,cookie,0.4188,1
0,0,absent,0,0,POST,1,multipart/form-data,1,0.0,0,1,cookie,0.8281,1
1,1,Strict,1,0,PATCH,1,application/json,1,5.6484,1,1,header_only,0.445,0
0,0,absent,0,0,POST,1,application/json,1,0.0,0,1,cookie,0.4566,1
1,0,Strict,1,0,PUT,0,multipart/form-data,1,4.5584,1,1,mixed,0.6376,0
0,0,None,0,0,DELETE,1,application/json,1,0.0,0,1,cookie,0.477,1
1,1,Lax,0,0,DELETE,1,application/json,1,4.6508,1,0,header_only,0.3827,0
0,0,absent,0,0,POST,1,multipart/form-data,1,0.0,0,0,cookie,0.579,1
0,0,None,0,0,DELETE,1,application/json,1,0.0,0,1,none,0.9176,1
1,0,Strict,0,1,POST,1,multipart/form-data,1,5.296,1,1,header_only,0.2816,0
1,1,Strict,0,0,PUT,1,multipart/form-data,0,4.3568,1,1,cookie,0.1599,0
1,1,Strict,0,1,DELETE,1,application/x-www-form-urlencoded,1,3.0568,1,0,cookie,0.621,0
0,0,None,0,0,POST,1,multipart/form-data,1,0.0,0,0,none,0.8509,1
0,0,Lax,1,1,POST,1,multipart/form-data,1,4.9637,0,1,mixed,0.2181,0
0,0,None,0,0,DELETE,1,application/json,0,0.0,0,1,none,0.3436,1
0,0,None,0,0,GET,0,application/json,0,0.0,0,0,cookie,0.2573,1
1,1,Strict,1,0,POST,1,application/x-www-form-urlencoded,1,4.9725,0,0,cookie,0.1366,0
0,0,absent,0,0,GET,0,multipart/form-data,1,0.0,0,1,cookie,0.7344,1
1,0,Strict,0,1,POST,1,application/json,0,4.8369,1,0,none,0.345,0
0,0,absent,0,0,POST,1,multipart/form-data,1,0.0,0,0,cookie,0.6429,1
1,0,Strict,0,1,POST,1,text/plain,0,3.5407,1,1,header_only,0.697,0
0,0,absent,0,0,GET,0,multipart/form-data,1,0.0,0,1,cookie,0.9419,1
0,1,Lax,0,0,POST,1,multipart/form-data,1,5.4931,0,1,mixed,0.0853,0
0,0,absent,0,0,PUT,1,application/x-www-form-urlencoded,1,0.0,0,1,none,0.6158,1
0,0,Lax,1,0,POST,1,application/x-www-form-urlencoded,1,0.0,0,0,cookie,0.6332,1
1,1,Strict,1,0,GET,0,text/plain,1,4.8704,1,1,header_only,0.5334,0
0,1,Strict,1,1,POST,1,multipart/form-data,0,3.6467,1,0,mixed,0.1604,0
1,0,absent,0,0,POST,1,application/json,1,3.3292,1,0,none,0.3347,0
0,1,Strict,1,1,DELETE,1,application/json,1,4.0715,1,0,mixed,0.671,0
1,1,Lax,1,1,PUT,1,application/x-www-form-urlencoded,1,3.8719,1,0,mixed,0.3694,0
0,0,absent,0,0,POST,1,application/x-www-form-urlencoded,1,0.0,0,1,cookie,0.8867,1
1,0,Lax,1,0,POST,0,application/x-www-form-urlencoded,1,5.1339,1,1,none,0.0865,0
1,0,None,0,0,POST,1,application/x-www-form-urlencoded,1,1.2731,0,1,cookie,0.817,1
1,1,Lax,1,0,POST,0,application/json,0,5.7464,1,1,none,0.5988,0
1,1,Lax,0,1,PUT,1,application/x-www-form-urlencoded,0,3.0514,1,0,header_only,0.4492,0
1,0,Strict,0,0,POST,0,text/plain,0,5.2592,1,0,header_only,0.3636,0
1,0,Lax,1,0,PUT,0,application/json,1,4.4611,1,1,none,0.0386,0
1,0,Lax,1,1,POST,1,application/x-www-form-urlencoded,1,4.2318,1,1,cookie,0.2352,0
1,0,Lax,0,0,POST,1,application/json,1,4.2443,1,0,none,0.6057,0
0,0,absent,0,0,DELETE,1,multipart/form-data,1,0.0,0,1,cookie,0.454,1
0,0,absent,0,0,POST,1,application/x-www-form-urlencoded,1,0.0,0,1,cookie,0.8066,1
1,1,Lax,1,0,POST,1,application/x-www-form-urlencoded,1,4.9257,1,1,cookie,0.0055,0
0,0,absent,0,0,DELETE,1,multipart/form-data,1,0.0,0,0,mixed,0.8152,1
1,1,Strict,1,1,POST,1,multipart/form-data,1,4.7819,1,1,cookie,0.593,0
0,0,None,0,0,POST,1,application/json,1,0.0,0,1,cookie,0.6497,1
1,0,Lax,1,1,POST,0,text/plain,1,4.5082,1,1,cookie,0.5996,0
0,0,None,0,0,POST,1,application/json,1,0.0,0,1,cookie,0.9865,1
0,0,absent,0,0,PUT,1,multipart/form-data,1,0.0,0,1,cookie,0.7335,1
0,0,None,1,0,PUT,1,application/x-www-form-urlencoded,1,0.0,0,1,cookie,0.7152,1
0,0,absent,0,0,POST,1,application/x-www-form-urlencoded,1,0.0,0,1,cookie,0.7692,1
0,0,None,0,0,PATCH,1,application/json,1,0.0,0,1,cookie,0.8328,1
1,1,Strict,0,0,GET,0,application/json,1,5.5959,1,1,header_only,0.3598,0
0,0,None,0,0,POST,1,application/x-www-form-urlencoded,1,0.0,0,1,cookie,0.7549,1
0,0,absent,0,0,PUT,1,multipart/form-data,1,0.0,0,1,cookie,0.6387,1
1,1,Strict,1,1,POST,1,application/x-www-form-urlencoded,1,4.5922,1,0,cookie,0.4928,0
1,0,Lax,0,1,POST,1,text/plain,1,3.6486,1,1,cookie,0.2489,0
1,1,Strict,1,0,POST,1,application/json,1,4.3277,1,1,mixed,0.1663,0
1,1,Strict,0,0,DELETE,1,application/json,1,5.2049,1,0,mixed,0.5934,0
1,0,Strict,0,0,POST,1,application/json,1,4.2528,1,0,none,0.5815,0
0,0,None,0,0,POST,1,text/plain,0,0.0,0,1,none,0.4735,1
1,1,Strict,1,0,PUT,1,multipart/form-data,1,4.9527,1,0,header_only,0.1104,0
0,1,Lax,1,0,POST,1,text/plain,1,3.2033,1,1,cookie,0.0638,0
1,1,Lax,1,1,GET,0,application/json,1,3.9874,1,0,none,0.1202,0
0,0,absent,0,0,POST,1,application/json,1,0.0,0,0,mixed,0.4092,1
1,1,Strict,0,1,DELETE,1,text/plain,0,4.9117,1,1,none,0.1251,0
0,0,absent,0,0,PUT,1,multipart/form-data,1,0.0,0,1,cookie,0.9146,1
0,0,absent,0,0,POST,1,application/x-www-form-urlencoded,1,0.0,0,0,cookie,0.9997,1
1,1,Strict,1,1,POST,1,application/x-www-form-urlencoded,1,5.0111,1,0,mixed,0.3893,0
0,0,absent,0,0,DELETE,1,application/json,0,0.0,0,1,none,0.2432,1
1,0,Strict,1,0,POST,0,multipart/form-data,1,5.5759,1,1,cookie,0.4076,0
0,0,absent,0,0,POST,1,multipart/form-data,1,0.0,0,0,mixed,0.529,1
0,0,None,0,0,GET,0,application/x-www-form-urlencoded,0,0.0,0,0,none,0.4414,1
0,0,None,0,0,POST,1,multipart/form-data,1,0.0,0,0,cookie,0.8671,1
1,0,absent,1,0,PUT,1,application/x-www-form-urlencoded,1,1.4211,0,1,cookie,0.8269,1
0,0,absent,0,0,POST,1,multipart/form-data,1,0.0,0,1,cookie,0.5315,1
0,0,None,0,0,POST,1,application/x-www-form-urlencoded,1,0.0,0,0,cookie,0.9496,1
1,0,Strict,1,1,POST,1,application/x-www-form-urlencoded,1,3.6384,1,1,cookie,0.2521,0
1,0,Lax,1,1,POST,1,application/x-www-form-urlencoded,1,4.2348,1,0,cookie,0.3005,0
1,1,Lax,0,1,GET,0,application/json,1,3.3113,1,0,header_only,0.0703,0
1,1,Strict,1,0,POST,1,multipart/form-data,1,4.5844,1,0,cookie,0.4761,0
1,0,Strict,1,0,GET,0,multipart/form-data,0,3.6377,1,1,mixed,0.6443,0
0,0,absent,0,0,POST,1,application/x-www-form-urlencoded,1,0.0,0,1,cookie,0.4958,1
0,0,None,0,0,POST,1,text/plain,0,0.0,0,1,cookie,0.7322,1
1,1,Lax,1,1,GET,0,application/x-www-form-urlencoded,1,4.7664,1,1,none,0.2574,0
1,1,Strict,1,0,PUT,1,application/json,1,5.5118,1,1,header_only,0.2125,0
1,1,Lax,1,1,PUT,1,application/x-www-form-urlencoded,1,4.8322,1,1,mixed,0.2493,0
1,1,Lax,1,0,DELETE,1,multipart/form-data,1,4.9102,1,0,mixed,0.5684,0
1,1,Lax,1,0,PUT,1,application/json,0,4.8375,1,1,mixed,0.0589,0
1,0,absent,0,0,GET,0,application/x-www-form-urlencoded,1,0.4246,0,1,cookie,0.8529,1
0,0,absent,0,0,DELETE,1,application/x-www-form-urlencoded,1,0.0,0,1,cookie,0.4174,1
1,1,Strict,1,0,DELETE,0,multipart/form-data,1,4.5562,1,1,cookie,0.5059,0
0,0,None,1,0,DELETE,1,application/json,1,0.0,0,1,cookie,0.6041,1
1,1,Strict,1,0,POST,1,application/x-www-form-urlencoded,1,4.209,1,1,cookie,0.2655,0
0,0,absent,0,0,DELETE,1,application/json,1,0.0,0,1,cookie,0.804,1
0,0,absent,0,0,POST,1,application/x-www-form-urlencoded,1,0.0,0,1,cookie,0.4712,1
0,0,absent,0,0,POST,1,application/x-www-form-urlencoded,1,0.0,0,1,cookie,0.3278,1
1,1,Lax,1,0,POST,1,multipart/form-data,1,4.6287,1,0,cookie,0.5605,0
1,0,Lax,1,1,PUT,1,multipart/form-data,1,5.4006,1,0,mixed,0.1294,0
0,0,absent,0,0,PUT,1,application/json,1,0.0,0,1,mixed,0.8448,1
0,0,absent,0,0,POST,1,multipart/form-data,1,0.0,0,0,cookie,0.9513,1
1,1,Strict,1,0,POST,1,multipart/form-data,1,5.6355,1,1,cookie,0.1474,0
1,1,Lax,1,1,POST,1,application/x-www-form-urlencoded,1,5.3358,1,0,none,0.5848,0
0,0,absent,0,0,POST,1,application/json,1,0.0,0,0,cookie,0.9894,1
0,0,absent,0,0,DELETE,1,multipart/form-data,1,0.0,0,1,cookie,0.3928,1
0,0,absent,0,0,GET,0,multipart/form-data,1,0.0,0,1,mixed,0.8214,1
0,1,Lax,0,1,POST,1,application/json,0,3.3472,1,1,none,0.0816,0
0,0,None,0,0,POST,1,application/x-www-form-urlencoded,1,0.0,0,0,cookie,0.8157,1
1,1,Strict,1,0,POST,1,application/x-www-form-urlencoded,1,4.9135,1,0,mixed,0.1177,0
0,0,absent,0,0,POST,1,application/x-www-form-urlencoded,1,0.0,0,1,cookie,0.8518,1
1,0,Strict,1,1,POST,1,application/x-www-form-urlencoded,1,4.0145,1,0,cookie,0.3158,0
1,0,Lax,1,1,PUT,1,application/json,1,3.6333,1,1,cookie,0.5628,0
0,0,absent,0,0,GET,0,application/x-www-form-urlencoded,1,0.0,0,1,cookie,0.8903,1
1,0,Strict,1,1,GET,1,application/json,1,5.5747,1,0,cookie,0.6278,0
1,0,Lax,1,1,POST,1,application/json,1,4.1412,1,1,cookie,0.2887,0
0,0,absent,0,0,POST,1,multipart/form-data,1,0.0,0,0,cookie,0.5887,1
0,0,absent,0,0,POST,1,application/x-www-form-urlencoded,1,0.0,0,1,cookie,0.6284,1
1,0,Strict,1,1,PUT,1,application/x-www-form-urlencoded,1,5.2863,1,1,cookie,0.4815,0
0,0,absent,0,0,POST,1,application/x-www-form-urlencoded,1,0.0,0,0,cookie,0.6994,1
0,0,absent,0,0,POST,1,application/json,1,0.0,0,1,cookie,0.3992,1
1,0,None,0,0,POST,1,application/json,1,0.286,0,0,cookie,0.5165,1
1,0,Strict,1,1,POST,1,application/json,0,4.7913,1,1,cookie,0.2793,0
0,0,None,0,0,GET,0,application/json,1,0.0,0,1,cookie,0.8417,1
0,0,None,0,0,PATCH,1,application/json,1,0.0,0,0,cookie,0.9954,1
0,0,None,0,0,POST,1,application/x-www-form-urlencoded,1,0.0,0,0,cookie,0.6254,1
0,0,absent,0,0,PUT,1,application/x-www-form-urlencoded,1,0.0,0,1,cookie,0.7256,1
0,0,absent,0,0,GET,0,multipart/form-data,1,0.0,0,1,mixed,0.5245,1
1,1,Lax,1,1,POST,1,application/x-www-form-urlencoded,0,4.0987,1,1,cookie,0.267,0
0,0,absent,0,0,PATCH,1,application/x-www-form-urlencoded,1,0.0,0,0,cookie,0.6363,1
0,0,None,0,0,POST,1,application/json,1,0.0,0,1,cookie,0.6618,1
0,0,None,0,0,DELETE,1,text/plain,1,0.0,0,0,none,0.6149,1
1,1,Lax,1,1,POST,1,application/x-www-form-urlencoded,1,5.4084,1,0,mixed,0.0092,0
0,1,Strict,1,0,POST,1,text/plain,1,3.1111,1,1,mixed,0.331,0
0,0,absent,0,0,POST,1,multipart/form-data,1,0.0,0,0,cookie,0.7184,1
0,0,Lax,1,0,GET,0,application/json,0,3.3009,1,0,none,0.0927,0
0,0,None,0,0,DELETE,1,application/x-www-form-urlencoded,1,0.0,0,1,cookie,0.9421,1
0,0,Lax,1,0,PUT,1,application/json,1,0.0,0,0,cookie,0.7187,1
0,0,absent,0,0,PUT,1,multipart/form-data,1,0.0,0,0,mixed,0.7758,1
1,1,Lax,1,0,POST,1,multipart/form-data,1,4.2879,1,0,cookie,0.5027,0
1,1,Strict,0,1,DELETE,1,text/plain,1,5.7301,1,0,mixed,0.3955,0
0,0,absent,0,0,PATCH,1,text/plain,1,0.0,0,0,cookie,0.6844,1
0,0,None,0,0,POST,1,multipart/form-data,1,0.0,0,1,cookie,0.8684,1
1,0,Lax,1,1,POST,1,application/x-www-form-urlencoded,0,3.8453,1,0,cookie,0.2103,0
1,0,Strict,0,0,GET,1,text/plain,0,4.6324,1,0,mixed,0.2098,0
0,0,absent,0,0,POST,1,application/json,1,0.0,0,1,cookie,0.46,1
1,0,Lax,0,0,POST,1,multipart/form-data,1,4.052,0,0,cookie,0.3222,0
0,0,absent,0,0,POST,1,application/x-www-form-urlencoded,1,0.0,0,1,cookie,0.3066,1
0,0,None,0,0,POST,1,multipart/form-data,1,0.0,0,1,mixed,0.3312,1
0,0,None,0,0,POST,1,application/x-www-form-urlencoded,1,0.0,0,0,cookie,0.7051,1
0,0,absent,0,0,DELETE,1,application/json,1,0.0,0,0,cookie,0.5348,1
0,0,None,0,0,GET,0,multipart/form-data,0,0.0,0,0,none,0.2922,1
1,1,Lax,1,0,PUT,1,multipart/form-data,0,3.8444,1,1,none,0.0374,0
1,0,Lax,0,0,PUT,1,application/json,0,3.728,1,1,header_only,0.2651,0
0,0,None,1,0,POST,1,application/x-www-form-urlencoded,1,0.0,0,1,cookie,0.8562,1
1,1,Lax,0,1,PUT,1,text/plain,0,3.9599,1,0,header_only,0.1584,0
1,1,Strict,0,1,POST,1,application/x-www-form-urlencoded,1,5.8405,1,0,mixed,0.3369,0
0,1,Lax,1,0,GET,0,application/json,1,4.2702,1,1,none,0.3606,0
0,0,None,0,0,POST,1,application/x-www-form-urlencoded,1,0.0,0,1,cookie,0.7384,1
1,0,Strict,1,1,POST,1,application/json,0,5.4702,1,0,none,0.4258,0
1,0,Strict,1,0,GET,1,text/plain,0,5.4818,1,0,mixed,0.0392,0
0,0,Lax,1,0,PUT,1,application/x-www-form-urlencoded,1,0.0,0,1,cookie,0.5432,1
1,0,Strict,1,0,DELETE,1,multipart/form-data,1,3.1251,1,1,none,0.6654,0
0,1,Strict,1,1,GET,0,text/plain,0,3.8007,1,1,mixed,0.4031,0
1,1,Strict,1,0,GET,1,application/x-www-form-urlencoded,0,5.2111,1,1,cookie,0.673,0
1,0,Strict,1,1,PUT,1,multipart/form-data,1,3.1491,1,0,cookie,0.1788,0
1,1,Lax,0,1,GET,1,multipart/form-data,1,4.717,1,0,cookie,0.1172,0
0,0,Lax,1,0,POST,1,application/json,0,4.4338,1,1,none,0.4837,0
1,0,Strict,1,0,POST,1,application/x-www-form-urlencoded,0,3.7705,1,0,cookie,0.4789,0
1,0,Lax,0,1,POST,1,application/x-www-form-urlencoded,1,3.8713,0,1,cookie,0.3144,0
1,1,Strict,1,1,POST,1,application/x-www-form-urlencoded,1,5.8996,1,0,header_only,0.6954,0
1,1,Strict,1,1,DELETE,0,multipart/form-data,1,3.8031,1,1,mixed,0.4712,0
0,0,absent,0,0,POST,1,multipart/form-data,1,0.0,0,1,cookie,0.9605,1
0,0,absent,0,0,POST,1,application/json,1,0.0,0,1,cookie,0.6757,1
0,0,absent,0,0,POST,1,multipart/form-data,1,0.0,0,1,cookie,0.5914,1
0,0,None,0,0,PUT,1,application/x-www-form-urlencoded,1,0.0,0,1,cookie,0.8687,1
0,0,absent,0,0,POST,1,application/json,1,0.0,0,0,mixed,0.8235,1
1,0,Lax,0,1,GET,0,multipart/form-data,1,4.6166,1,0,mixed,0.1797,0
0,0,None,0,0,GET,0,application/x-www-form-urlencoded,1,0.0,0,1,cookie,0.6531,1
0,0,None,0,0,POST,1,multipart/form-data,1,0.0,0,1,mixed,0.6708,1
1,1,Lax,1,0,POST,1,application/x-www-form-urlencoded,0,4.2499,1,1,none,0.264,0
1,1,Strict,1,0,POST,1,application/json,1,4.5318,1,1,none,0.1546,0
0,0,absent,0,0,PUT,1,application/x-www-form-urlencoded,1,0.0,0,1,cookie,0.994,1
1,0,Lax,1,0,GET,0,multipart/form-data,0,4.9343,1,1,cookie,0.5036,0
0,0,absent,0,0,POST,1,application/x-www-form-urlencoded,1,0.0,0,0,cookie,0.8019,1
1,1,Strict,0,1,POST,0,text/plain,0,5.0124,1,1,none,0.5316,0
0,0,absent,1,0,PUT,1,application/json,1,0.0,0,1,cookie,0.3068,1
1,0,Lax,1,0,POST,1,application/x-www-form-urlencoded,1,3.901,1,1,cookie,0.1331,0
0,0,absent,0,0,GET,0,multipart/form-data,1,0.0,0,0,cookie,0.8506,1
0,0,absent,0,0,POST,1,application/json,1,0.0,0,1,cookie,0.452,1
1,1,Strict,1,1,PUT,1,text/plain,1,5.6121,1,1,header_only,0.3942,0
1,1,Lax,1,1,POST,0,application/json,0,3.6122,1,0,cookie,0.5177,0
1,1,Lax,1,0,POST,1,application/x-www-form-urlencoded,1,3.8574,1,0,cookie,0.3594,0
1,1,Strict,0,1,POST,0,multipart/form-data,1,4.2891,1,0,mixed,0.2531,0
1,1,Strict,1,0,POST,1,application/x-www-form-urlencoded,1,4.4147,1,1,cookie,0.1187,0
1,1,Strict,1,1,PUT,1,multipart/form-data,1,5.2077,1,1,cookie,0.5431,0
1,1,Lax,1,1,POST,1,application/x-www-form-urlencoded,1,5.2328,1,1,cookie,0.3135,0
1,1,Lax,1,0,POST,1,multipart/form-data,1,5.2299,1,1,cookie,0.0475,0
1,0,absent,0,0,POST,1,application/x-www-form-urlencoded,1,0.8744,0,1,cookie,0.4879,1
0,0,absent,0,0,GET,0,application/x-www-form-urlencoded,1,0.0,0,1,cookie,0.8569,1
0,0,None,0,0,DELETE,1,application/x-www-form-urlencoded,1,0.0,0,1,cookie,0.8808,1
0,0,absent,0,0,DELETE,1,application/x-www-form-urlencoded,1,0.0,0,1,cookie,0.8198,1
1,1,Lax,1,1,POST,1,application/x-www-form-urlencoded,1,5.088,1,1,none,0.3015,0
1,0,Strict,1,0,PUT,1,application/x-www-form-urlencoded,1,3.8212,1,1,cookie,0.3964,0
1,0,Lax,0,0,POST,1,application/json,1,4.4916,1,1,none,0.3736,0
1,1,Lax,0,1,POST,1,application/json,0,5.309,1,0,none,0.4679,0
0,0,absent,0,0,DELETE,1,application/json,1,0.0,0,1,cookie,0.914,1
0,0,None,0,0,PUT,1,application/x-www-form-urlencoded,1,0.0,0,0,cookie,0.5034,1
0,0,None,0,0,POST,1,application/x-www-form-urlencoded,1,0.0,0,1,cookie,0.4241,1
1,0,Lax,1,0,PUT,1,text/plain,1,4.0422,1,0,cookie,0.1713,0
1,1,Lax,1,0,PUT,1,multipart/form-data,1,3.5169,1,0,cookie,0.4326,0
0,0,None,0,0,PATCH,1,application/json,1,0.0,0,0,cookie,0.2151,1
1,1,Strict,0,1,DELETE,1,application/json,1,4.3601,1,1,header_only,0.0182,0
1,0,absent,1,0,DELETE,1,multipart/form-data,1,1.8082,0,0,cookie,0.747,1
0,0,None,0,0,POST,1,application/x-www-form-urlencoded,1,0.0,0,0,cookie,0.7564,1
1,1,Lax,1,1,PUT,1,application/x-www-form-urlencoded,1,4.291,1,0,cookie,0.5292,0
1,1,Lax,1,1,POST,1,application/x-www-form-urlencoded,1,3.5801,1,0,cookie,0.4267,0
0,0,absent,0,0,PUT,1,multipart/form-data,1,0.0,0,0,mixed,0.9777,1
1,0,Strict,0,1,GET,0,application/json,1,3.8479,1,0,none,0.5524,0
1,1,Strict,0,1,POST,0,application/json,1,4.9352,1,1,none,0.0355,0
0,0,absent,0,0,DELETE,1,multipart/form-data,1,0.0,0,1,cookie,0.5195,1
0,0,absent,0,0,PUT,1,application/x-www-form-urlencoded,1,0.0,0,0,cookie,0.3456,1
0,0,absent,0,0,POST,1,application/json,1,0.0,0,1,cookie,0.8268,1
1,0,Strict,0,1,PUT,1,application/x-www-form-urlencoded,0,4.2592,1,0,none,0.3678,0
1,0,Strict,1,0,PUT,1,application/x-www-form-urlencoded,1,3.9057,1,0,none,0.0643,0
1,1,Strict,1,0,PATCH,1,application/json,0,5.5799,1,1,header_only,0.4544,0
1,1,Strict,1,0,DELETE,0,multipart/form-data,0,3.8804,1,1,mixed,0.0875,0
0,0,absent,0,0,PUT,1,application/json,1,0.0,0,0,mixed,0.8867,1
0,0,None,0,0,PUT,1,multipart/form-data,0,0.0,0,0,cookie,0.2319,1
0,0,absent,0,0,PUT,1,application/x-www-form-urlencoded,1,0.0,0,0,mixed,0.9834,1
1,0,absent,1,0,POST,1,application/x-www-form-urlencoded,1,0.4427,0,0,mixed,0.5666,1
1,0,Lax,1,0,GET,0,application/json,1,4.8911,1,0,mixed,0.4867,0
0,1,Lax,1,0,POST,1,application/json,0,4.8958,0,1,mixed,0.3071,0
0,1,Strict,0,1,PATCH,1,application/x-www-form-urlencoded,1,5.7416,1,0,cookie,0.2242,0
1,0,Lax,0,0,POST,1,application/x-www-form-urlencoded,1,4.5968,1,0,cookie,0.0457,0
0,1,absent,0,0,PUT,1,multipart/form-data,1,0.0,0,0,none,0.7268,1
0,0,absent,0,0,PATCH,1,application/json,1,0.0,0,1,mixed,0.8954,1
1,1,Lax,1,1,POST,1,application/json,0,4.1403,1,1,cookie,0.5269,0
0,0,None,0,0,GET,0,application/json,1,0.0,0,1,cookie,0.9943,1
1,0,Strict,0,1,POST,1,application/json,1,4.4534,1,1,cookie,0.6379,0
1,0,Lax,1,0,PUT,1,application/json,1,4.7496,1,0,cookie,0.1608,0
1,1,Strict,1,0,GET,0,multipart/form-data,1,3.5515,0,1,cookie,0.0853,0
1,0,Strict,0,0,POST,1,multipart/form-data,1,4.9935,1,0,cookie,0.0381,0
0,0,absent,0,0,PUT,1,application/x-www-form-urlencoded,1,0.0,0,1,cookie,0.6814,1
0,1,Lax,0,0,DELETE,1,application/x-www-form-urlencoded,1,0.0,0,0,cookie,0.4699,1
0,1,Lax,0,1,PATCH,1,text/plain,0,0.0,1,0,none,0.8587,1
0,0,None,0,0,PUT,1,multipart/form-data,1,0.0,0,0,cookie,0.888,1
0,0,None,0,0,GET,0,application/x-www-form-urlencoded,1,0.0,0,1,cookie,0.661,1
0,0,None,0,0,PUT,1,application/x-www-form-urlencoded,1,0.0,0,1,cookie,0.6319,1
0,0,None,0,0,POST,1,multipart/form-data,1,0.0,0,1,cookie,0.8937,1
1,0,Strict,1,1,PUT,1,application/x-www-form-urlencoded,1,3.8783,1,0,mixed,0.2099,0
0,0,Strict,1,1,POST,1,application/x-www-form-urlencoded,1,5.4932,0,0,cookie,0.5999,0
1,1,Strict,1,1,GET,1,text/plain,1,5.2518,1,0,cookie,0.6605,0
1,0,Strict,0,0,PUT,1,multipart/form-data,0,4.7639,1,1,mixed,0.1686,0
1,1,Lax,1,0,GET,0,application/x-www-form-urlencoded,1,3.1357,0,1,cookie,0.3629,0
0,1,absent,1,1,POST,1,multipart/form-data,1,0.0,0,1,cookie,0.7076,1
0,0,None,0,0,POST,1,application/x-www-form-urlencoded,1,0.0,0,1,cookie,0.7024,1
1,0,Lax,1,0,POST,1,application/x-www-form-urlencoded,1,4.4068,0,0,cookie,0.3506,0
1,1,Strict,0,1,PUT,1,multipart/form-data,0,4.7163,1,0,header_only,0.0178,0
1,0,Strict,0,1,GET,0,application/x-www-form-urlencoded,1,3.8747,0,1,none,0.2522,0
0,0,absent,0,0,POST,1,multipart/form-data,1,0.0,0,1,mixed,0.8233,1
1,1,None,1,1,GET,0,application/json,0,3.233,1,0,header_only,0.3145,0
0,0,None,0,0,GET,0,application/json,1,0.0,0,1,cookie,0.664,1
1,1,absent,0,1,PUT,1,application/json,1,3.7973,1,1,header_only,0.3967,0
1,1,Strict,1,1,POST,1,text/plain,0,4.4627,1,0,mixed,0.2053,0
1,1,Lax,1,1,PUT,1,application/json,1,4.2985,1,0,cookie,0.4475,0
0,0,absent,0,0,GET,0,multipart/form-data,1,0.0,0,1,cookie,0.3463,1
0,0,None,0,0,POST,1,multipart/form-data,1,0.0,0,1,mixed,0.3668,1
0,0,absent,0,0,PATCH,1,application/x-www-form-urlencoded,1,0.0,0,0,cookie,0.8646,1
1,1,Lax,1,0,POST,1,application/x-www-form-urlencoded,0,4.3519,1,0,header_only,0.5421,0
0,0,absent,0,0,DELETE,1,application/x-www-form-urlencoded,1,0.0,0,1,cookie,0.7474,1
1,0,Lax,0,1,DELETE,1,multipart/form-data,0,4.3072,1,1,cookie,0.1506,0
1,0,Lax,1,0,POST,1,application/x-www-form-urlencoded,1,4.4917,1,0,cookie,0.2406,0
1,1,Lax,1,1,POST,1,multipart/form-data,1,4.3004,1,1,cookie,0.2846,0
1,0,Lax,1,1,POST,1,application/x-www-form-urlencoded,1,3.821,1,1,none,0.5198,0
0,0,absent,1,1,GET,1,text/plain,1,3.1729,0,0,cookie,0.1711,0
1,1,Strict,0,1,POST,1,application/json,1,5.4143,1,1,mixed,0.0773,0
1,1,Lax,1,0,POST,1,application/x-www-form-urlencoded,1,4.4168,1,1,cookie,0.4005,0
1,1,Lax,1,0,POST,1,application/x-www-form-urlencoded,1,3.6602,1,0,none,0.6515,0
1,1,Lax,1,0,POST,1,application/json,0,5.3287,1,0,cookie,0.5858,0
1,0,Strict,0,1,DELETE,1,text/plain,0,5.6526,1,0,header_only,0.5695,0
0,0,None,0,0,POST,1,application/json,1,0.0,0,1,cookie,0.3754,1
0,1,Lax,0,0,POST,1,application/x-www-form-urlencoded,1,5.7372,1,1,header_only,0.4203,0
1,1,Strict,1,0,DELETE,1,text/plain,1,5.8758,1,0,cookie,0.4683,0
1,1,Lax,1,0,POST,1,application/x-www-form-urlencoded,1,3.6088,1,1,cookie,0.5174,0
0,0,absent,0,0,POST,1,application/json,1,0.0,0,0,cookie,0.6237,1
1,1,Strict,0,1,DELETE,1,text/plain,1,5.2761,1,1,mixed,0.5235,0
1,0,Strict,1,0,PUT,1,application/json,1,5.0198,1,0,cookie,0.3161,0
1,0,Strict,1,0,GET,0,application/json,1,4.8857,1,0,none,0.5843,0
0,0,absent,0,0,POST,1,application/x-www-form-urlencoded,1,0.0,0,0,cookie,0.4514,1
0,0,absent,0,0,POST,1,multipart/form-data,1,0.0,0,0,cookie,0.847,1
0,1,Lax,1,0,PATCH,1,application/x-www-form-urlencoded,1,5.6374,1,0,mixed,0.3783,0
1,1,Strict,1,0,PUT,1,application/x-www-form-urlencoded,1,3.6354,1,1,none,0.6023,0
1,0,Lax,1,0,PUT,1,application/json,1,3.1295,1,1,cookie,0.0713,0
1,1,Lax,0,1,POST,1,application/json,0,5.4427,1,1,mixed,0.4451,0
1,1,Lax,1,1,DELETE,1,multipart/form-data,0,5.6692,1,0,none,0.207,0
1,1,Strict,1,0,GET,0,text/plain,1,3.8734,1,0,none,0.3598,0
0,0,absent,0,0,DELETE,1,application/json,1,0.0,0,0,cookie,0.6259,1
1,1,Lax,1,1,POST,1,application/json,1,3.7373,1,0,cookie,0.2136,0
1,1,Strict,1,1,DELETE,1,application/json,1,5.3711,1,1,header_only,0.682,0
0,0,absent,0,0,GET,0,application/json,1,0.0,0,1,cookie,0.9501,1
1,0,Strict,1,0,POST,1,multipart/form-data,1,4.3297,1,1,cookie,0.2393,0
1,1,Strict,1,0,DELETE,0,application/x-www-form-urlencoded,1,4.9806,1,1,header_only,0.3069,0
1,0,Strict,1,1,PUT,1,application/json,0,5.4622,1,1,header_only,0.2597,0
1,0,Lax,1,0,GET,0,application/json,1,5.3473,1,0,mixed,0.5878,0
1,1,Strict,1,0,DELETE,1,application/json,1,5.7492,1,0,cookie,0.4588,0
1,1,Lax,1,1,POST,1,application/x-www-form-urlencoded,1,4.3449,0,0,cookie,0.2957,0
0,1,None,0,1,DELETE,1,text/plain,1,2.0087,0,0,header_only,0.5113,0
1,1,Strict,0,1,POST,1,application/x-www-form-urlencoded,1,5.7413,1,0,none,0.4436,0
0,0,None,0,0,POST,1,text/plain,1,0.0,0,0,cookie,0.5667,1
0,1,Lax,1,1,POST,1,text/plain,1,3.5557,1,0,mixed,0.635,0
0,0,None,0,0,POST,1,application/x-www-form-urlencoded,1,0.0,0,1,cookie,0.5696,1
0,0,None,0,0,POST,1,application/x-www-form-urlencoded,1,0.0,0,0,mixed,0.5769,1
0,0,None,0,0,POST,1,application/x-www-form-urlencoded,1,0.0,0,1,mixed,0.7348,1
1,0,None,0,0,POST,1,application/json,0,1.7092,0,0,cookie,0.9214,1
0,0,Lax,0,0,POST,1,application/x-www-form-urlencoded,1,0.0,0,1,cookie,0.672,1
0,0,None,0,0,DELETE,1,application/x-www-form-urlencoded,1,0.0,0,1,cookie,0.785,1
1,1,Lax,1,1,PUT,1,application/x-www-form-urlencoded,1,4.1065,1,0,cookie,0.0534,0
0,0,absent,0,0,PUT,1,multipart/form-data,1,0.0,0,1,cookie,0.6143,1
0,0,None,0,0,DELETE,1,application/x-www-form-urlencoded,1,0.0,0,1,cookie,0.8253,1
1,1,Strict,1,0,GET,0,application/json,1,5.1365,1,0,cookie,0.2774,0
0,0,None,0,0,GET,0,application/json,1,0.0,0,0,cookie,0.8058,1
0,0,absent,0,0,POST,1,text/plain,1,0.0,0,1,none,0.8729,1
1,0,Strict,0,0,POST,1,multipart/form-data,0,5.3266,1,0,header_only,0.1584,0
0,0,absent,0,0,PUT,1,text/plain,1,0.0,0,0,cookie,0.3629,1
0,0,None,0,0,DELETE,1,text/plain,1,0.0,0,0,mixed,0.9083,1
0,0,absent,0,0,POST,1,multipart/form-data,1,0.0,0,1,cookie,0.9332,1
0,0,absent,0,0,PATCH,1,application/x-www-form-urlencoded,1,0.0,0,1,cookie,0.809,1
1,1,Strict,1,0,PUT,1,multipart/form-data,0,5.344,1,0,cookie,0.0246,0
0,0,absent,0,0,POST,1,application/x-www-form-urlencoded,1,0.0,0,1,cookie,0.3315,1
1,1,Lax,0,1,POST,1,application/x-www-form-urlencoded,0,3.6227,1,0,none,0.6499,0
0,0,absent,0,0,PATCH,1,application/json,1,0.0,0,1,mixed,0.5784,1
0,0,None,0,0,PUT,1,application/json,1,0.0,0,1,mixed,0.8257,1
0,0,None,0,0,GET,0,multipart/form-data,1,0.0,0,0,cookie,0.9496,1
0,1,Strict,0,0,PUT,1,application/json,0,3.4238,1,1,cookie,0.1103,0
0,0,absent,0,0,POST,1,application/x-www-form-urlencoded,1,0.0,0,1,mixed,0.5463,1
1,0,Strict,1,0,PUT,1,application/json,0,4.443,1,0,mixed,0.004,0
1,0,Strict,1,0,PUT,1,application/x-www-form-urlencoded,1,5.5292,1,0,header_only,0.2786,0
0,0,absent,0,0,DELETE,1,multipart/form-data,1,0.0,0,1,cookie,0.8735,1
1,0,None,1,0,POST,1,application/json,1,2.0558,0,1,mixed,0.8244,1
0,0,absent,0,0,PUT,1,application/json,1,0.0,0,1,mixed,0.9692,1
0,0,None,0,0,POST,1,multipart/form-data,1,0.0,0,0,cookie,0.5428,1
1,1,Strict,1,1,GET,0,multipart/form-data,1,4.6521,1,1,header_only,0.6418,0
1,1,Lax,0,1,POST,1,application/x-www-form-urlencoded,0,1.8822,1,1,none,0.7213,1
1,1,Lax,1,0,POST,1,application/x-www-form-urlencoded,1,4.8032,1,1,cookie,0.0,0
1,0,Lax,1,1,GET,0,multipart/form-data,1,4.6064,0,0,cookie,0.2217,0
1,0,Strict,0,1,DELETE,1,application/json,0,5.4186,1,0,mixed,0.5715,0
0,1,Strict,0,1,GET,0,application/x-www-form-urlencoded,1,5.2511,1,1,none,0.1226,0
0,0,absent,0,0,POST,1,application/x-www-form-urlencoded,1,0.0,0,1,cookie,0.4292,1
0,0,None,0,0,POST,1,application/x-www-form-urlencoded,1,0.0,0,0,cookie,0.4035,1
1,0,Strict,1,1,GET,1,application/json,1,5.5102,1,0,mixed,0.2245,0
1,0,None,0,0,PUT,1,application/x-www-form-urlencoded,1,0.0841,0,1,cookie,0.9628,1
0,0,absent,0,0,POST,1,application/json,1,0.0,0,1,cookie,0.6264,1
0,0,absent,0,0,PATCH,1,multipart/form-data,1,0.0,0,1,mixed,0.8252,1
1,0,Lax,1,0,PUT,1,application/x-www-form-urlencoded,1,3.6925,0,1,cookie,0.0603,0
0,0,None,0,0,POST,1,multipart/form-data,1,0.0,0,1,cookie,0.7391,1
1,0,Strict,1,1,POST,1,text/plain,1,5.2345,1,0,mixed,0.1463,0
1,0,Lax,1,0,POST,1,application/x-www-form-urlencoded,1,4.9348,1,1,cookie,0.4891,0
1,0,Strict,1,0,POST,0,application/x-www-form-urlencoded,0,5.3559,1,1,none,0.4815,0
1,0,Strict,1,1,GET,0,application/json,1,4.5994,1,0,header_only,0.5266,0
1,0,absent,0,0,PUT,1,multipart/form-data,1,0.5718,0,1,cookie,0.6499,1
1,0,Lax,1,0,POST,1,application/x-www-form-urlencoded,1,5.1583,1,0,cookie,0.0158,0
0,0,absent,0,0,PATCH,1,application/json,1,0.0,0,1,cookie,0.9984,1
0,0,absent,0,0,POST,1,application/json,1,0.0,0,1,mixed,0.9209,1
0,0,absent,0,0,PUT,1,multipart/form-data,1,0.0,0,1,cookie,0.8562,1
0,0,absent,0,0,GET,0,application/x-www-form-urlencoded,1,0.0,0,1,mixed,0.6441,1
1,0,Lax,1,0,PUT,1,application/x-www-form-urlencoded,1,3.7682,1,0,cookie,0.0642,0
1,1,Strict,0,0,PUT,0,multipart/form-data,1,3.8764,1,1,cookie,0.6657,0
0,0,Strict,1,1,POST,1,text/plain,1,4.9926,1,0,none,0.011,0
0,1,Lax,0,1,PATCH,1,multipart/form-data,1,3.9577,1,1,mixed,0.6175,0
0,0,absent,0,0,PUT,1,application/json,1,0.0,0,0,mixed,0.5785,1
1,1,Strict,1,1,POST,1,application/x-www-form-urlencoded,1,4.9829,1,0,mixed,0.5249,0
0,0,absent,0,0,PATCH,1,application/json,1,0.0,0,1,cookie,0.4752,1
0,0,absent,0,0,PUT,1,application/json,1,0.0,0,1,cookie,0.5508,1
1,1,Lax,1,0,POST,1,multipart/form-data,1,4.5348,1,1,cookie,0.0636,0
1,0,Strict,1,1,PUT,1,application/x-www-form-urlencoded,1,3.3506,1,0,cookie,0.0137,0
1,0,Strict,1,1,PUT,1,application/x-www-form-urlencoded,1,3.0453,1,0,cookie,0.4771,0
1,1,Strict,1,0,POST,1,application/x-www-form-urlencoded,1,4.6932,1,1,mixed,0.4012,0
1,0,None,1,0,POST,1,application/x-www-form-urlencoded,1,0.5252,0,1,mixed,0.9843,1
0,0,absent,0,0,POST,1,application/json,1,0.0,0,1,mixed,0.9814,1
0,0,absent,0,0,PATCH,1,application/json,1,0.0,0,0,cookie,0.4189,1
0,0,None,0,0,PUT,1,multipart/form-data,1,0.0,0,1,cookie,0.5722,1
1,1,Strict,1,0,DELETE,1,application/json,1,3.5883,1,1,cookie,0.4405,0
0,0,None,0,0,POST,1,application/json,1,0.0,0,1,cookie,0.506,1
1,1,Strict,1,1,POST,1,multipart/form-data,1,4.8714,1,1,none,0.3664,0
0,0,None,0,0,POST,1,multipart/form-data,1,0.0,0,0,cookie,0.8722,1
0,0,absent,0,0,POST,1,application/x-www-form-urlencoded,1,0.0,0,0,cookie,0.6712,1
1,0,Strict,0,0,POST,0,text/plain,1,4.6825,1,0,mixed,0.5497,0
1,1,Lax,1,0,GET,1,application/json,1,4.3091,1,0,header_only,0.6739,0
0,0,absent,0,0,POST,1,application/x-www-form-urlencoded,1,0.0,0,0,cookie,0.736,1
0,0,absent,0,0,PUT,1,application/x-www-form-urlencoded,1,0.0,0,1,cookie,0.9686,1
1,0,Strict,1,0,GET,1,text/plain,1,5.9114,1,0,mixed,0.2632,0
0,0,None,0,0,GET,0,multipart/form-data,1,0.0,0,0,cookie,0.5935,1
1,0,Strict,1,0,GET,0,multipart/form-data,1,4.9092,0,0,cookie,0.2128,0
1,0,absent,0,0,GET,0,application/x-www-form-urlencoded,1,1.326,0,0,cookie,0.6113,1
0,0,absent,0,0,PUT,1,multipart/form-data,1,0.0,0,0,cookie,0.8836,1
1,1,Strict,1,1,PUT,1,multipart/form-data,1,5.4355,1,0,header_only,0.3126,0
1,0,Strict,0,1,POST,1,text/plain,1,4.4869,1,0,mixed,0.0554,0
0,0,absent,0,0,GET,0,application/x-www-form-urlencoded,1,0.0,0,0,mixed,0.748,1
0,1,Lax,1,1,PUT,1,application/x-www-form-urlencoded,1,4.6186,1,0,header_only,0.6375,0
0,0,None,0,0,PUT,1,application/x-www-form-urlencoded,1,0.0,0,1,cookie,0.7142,1
1,0,Strict,1,1,PUT,1,multipart/form-data,1,4.2633,1,0,cookie,0.0933,0
0,0,absent,0,0,DELETE,1,application/x-www-form-urlencoded,1,0.0,0,1,mixed,0.6692,1
1,1,Strict,1,0,POST,1,application/json,0,3.9024,1,0,header_only,0.4697,0
0,0,absent,0,0,POST,1,application/json,1,0.0,0,1,mixed,0.8723,1
0,0,absent,0,0,POST,1,application/x-www-form-urlencoded,1,0.0,0,1,mixed,0.7169,1
1,0,Lax,0,1,POST,1,text/plain,1,3.5704,0,1,none,0.3003,0
1,0,Lax,1,1,GET,0,application/x-www-form-urlencoded,1,4.6025,1,0,cookie,0.3029,0
1,1,Strict,1,1,PUT,1,multipart/form-data,1,4.9982,1,1,cookie,0.3685,0
1,1,Strict,0,0,GET,0,application/x-www-form-urlencoded,0,4.3504,1,1,cookie,0.338,0
0,0,absent,0,0,PATCH,1,application/x-www-form-urlencoded,1,0.0,0,1,cookie,0.6579,1
1,0,Lax,1,1,POST,1,multipart/form-data,1,3.7083,1,0,cookie,0.2946,0
0,0,Lax,1,0,PATCH,1,application/json,1,0.0,0,1,cookie,0.5389,1
0,0,absent,0,0,POST,1,application/x-www-form-urlencoded,1,0.0,0,1,cookie,0.7453,1
0,0,absent,0,0,POST,1,application/json,1,0.0,0,1,cookie,0.4041,1
1,1,Strict,1,0,POST,1,application/json,1,4.9238,1,1,none,0.2393,0
0,0,absent,0,0,DELETE,1,application/x-www-form-urlencoded,1,0.0,0,0,mixed,0.9084,1
1,0,Lax,1,0,PATCH,1,multipart/form-data,0,3.7013,1,0,header_only,0.0618,0
0,0,absent,0,0,POST,1,multipart/form-data,1,0.0,0,1,mixed,0.9545,1
1,1,Strict,1,1,GET,1,application/json,0,4.965,1,0,none,0.5543,0
0,0,None,0,0,GET,0,application/x-www-form-urlencoded,1,0.0,0,1,cookie,0.9179,1
0,0,None,0,0,POST,1,application/json,1,0.0,0,0,none,0.3038,1
1,1,Strict,1,1,GET,0,application/x-www-form-urlencoded,1,4.6861,1,0,none,0.4912,0
1,0,Strict,0,0,DELETE,0,application/x-www-form-urlencoded,1,4.6484,1,0,cookie,0.2333,0
1,1,Lax,0,0,POST,1,application/json,1,5.5801,1,1,none,0.5581,0
1,0,Strict,1,0,DELETE,1,application/json,0,3.4057,1,0,cookie,0.139,0
1,1,Lax,1,1,PUT,1,application/x-www-form-urlencoded,1,4.895,1,1,cookie,0.514,0
1,1,Strict,1,1,POST,1,application/x-www-form-urlencoded,1,3.1731,1,1,cookie,0.4114,0
1,1,Lax,1,0,POST,0,text/plain,1,4.291,1,0,mixed,0.4441,0
0,0,None,0,0,POST,1,application/x-www-form-urlencoded,1,0.0,0,0,cookie,0.5431,1
1,0,Strict,1,0,PUT,1,application/x-www-form-urlencoded,1,4.8172,0,0,cookie,0.0108,0
0,0,None,0,0,PUT,1,multipart/form-data,1,0.0,0,1,cookie,0.957,1
0,0,absent,0,0,POST,1,application/json,1,0.0,0,1,mixed,0.5282,1
0,0,None,0,0,PATCH,1,application/x-www-form-urlencoded,1,0.0,0,0,cookie,0.8867,1
0,0,None,0,0,GET,0,application/x-www-form-urlencoded,1,0.0,0,0,mixed,0.8807,1
1,1,Strict,1,1,POST,1,multipart/form-data,0,4.3639,1,0,header_only,0.4685,0
0,0,absent,0,0,POST,1,application/json,1,0.0,0,0,mixed,0.7615,1
0,0,absent,0,0,POST,1,application/json,1,0.0,0,1,mixed,0.6496,1
0,0,absent,0,0,DELETE,1,application/x-www-form-urlencoded,1,0.0,0,1,cookie,0.5261,1
0,0,absent,0,0,PUT,1,application/x-www-form-urlencoded,1,0.0,0,1,cookie,0.5772,1
0,0,absent,0,0,DELETE,1,multipart/form-data,1,0.0,0,1,none,0.7019,1
0,1,Strict,1,1,POST,1,application/x-www-form-urlencoded,0,3.9519,1,0,cookie,0.2842,0
1,0,Strict,1,1,PUT,0,application/x-www-form-urlencoded,1,3.7614,1,0,mixed,0.2183,0
0,0,absent,0,0,PATCH,1,application/x-www-form-urlencoded,1,0.0,0,1,cookie,0.5862,1
1,0,Lax,0,0,POST,1,multipart/form-data,0,5.393,1,0,none,0.6574,0
0,0,None,0,0,POST,1,multipart/form-data,1,0.0,0,0,cookie,0.4959,1
0,0,absent,0,0,POST,1,application/json,1,0.0,0,1,cookie,0.6035,1
0,0,None,0,0,DELETE,1,application/json,1,0.0,0,0,cookie,0.5933,1
1,1,absent,1,0,DELETE,1,application/x-www-form-urlencoded,0,3.5814,1,0,mixed,0.1164,0
0,0,absent,0,0,PUT,1,application/x-www-form-urlencoded,1,0.0,0,0,cookie,0.5388,1
1,1,Lax,1,1,PUT,1,multipart/form-data,0,4.3392,1,0,cookie,0.081,0
1,1,Lax,1,0,PUT,1,application/json,1,4.2502,1,1,cookie,0.3294,0
1,1,Lax,1,1,POST,1,application/x-www-form-urlencoded,0,4.6036,1,0,cookie,0.4599,0
0,0,absent,0,0,POST,1,application/x-www-form-urlencoded,1,0.0,0,0,cookie,0.9396,1
0,0,None,0,0,POST,1,application/json,1,0.0,0,1,mixed,0.9226,1
0,0,absent,0,0,GET,0,application/json,1,0.0,0,1,cookie,0.6082,1
1,1,Lax,1,1,GET,0,application/x-www-form-urlencoded,1,3.8733,1,0,header_only,0.3798,0
0,0,None,0,0,POST,1,application/x-www-form-urlencoded,1,0.0,0,1,mixed,0.5406,1
0,0,absent,0,0,PUT,1,application/json,1,0.0,0,1,cookie,0.3193,1
0,0,None,0,0,PUT,1,text/plain,1,0.0,0,1,cookie,0.9411,1
0,0,absent,0,0,DELETE,1,multipart/form-data,1,0.0,0,0,mixed,0.4084,1
0,0,absent,0,0,POST,1,application/json,1,0.0,0,1,mixed,0.3952,1
0,0,absent,0,0,POST,1,application/x-www-form-urlencoded,1,0.0,0,1,cookie,0.8561,1
0,0,absent,0,0,PUT,1,application/x-www-form-urlencoded,1,0.0,0,1,cookie,0.9128,1
0,0,absent,0,0,POST,1,application/x-www-form-urlencoded,1,0.0,0,1,cookie,0.8304,1
1,1,Strict,1,1,POST,1,text/plain,1,5.5318,1,0,header_only,0.4843,0
1,0,Strict,0,1,PUT,1,multipart/form-data,0,3.7011,1,0,none,0.4625,0
0,0,None,1,0,PUT,1,application/x-www-form-urlencoded,1,0.0,0,0,cookie,0.5682,1
0,0,absent,0,0,PATCH,1,application/x-www-form-urlencoded,1,0.0,0,1,cookie,0.8074,1
0,0,None,0,0,POST,1,application/x-www-form-urlencoded,1,0.0,0,0,cookie,0.8824,1
0,0,None,0,0,POST,1,application/x-www-form-urlencoded,1,0.0,0,0,cookie,0.5369,1
1,0,Strict,1,1,PATCH,1,application/x-www-form-urlencoded,1,5.3689,1,1,none,0.3603,0
0,0,absent,1,0,POST,1,application/x-www-form-urlencoded,1,0.0,0,1,cookie,0.4432,1
1,1,Strict,0,1,PUT,1,application/x-www-form-urlencoded,1,5.0695,1,0,none,0.3609,0
0,0,absent,0,0,POST,1,application/x-www-form-urlencoded,1,0.0,0,0,cookie,0.8671,1
1,0,Strict,1,0,POST,0,multipart/form-data,1,4.3571,1,1,none,0.1666,0
0,0,absent,0,0,PATCH,1,application/x-www-form-urlencoded,1,0.0,0,0,cookie,0.8247,1
1,0,Lax,1,0,POST,1,multipart/form-data,1,0.4391,0,1,cookie,0.8983,1
1,0,Strict,1,1,POST,0,multipart/form-data,1,4.9017,1,1,mixed,0.343,0
1,1,Strict,1,1,POST,1,application/x-www-form-urlencoded,0,3.703,1,1,mixed,0.2456,0
1,1,Lax,0,1,GET,0,application/x-www-form-urlencoded,0,4.2628,1,1,cookie,0.5001,0
1,0,Strict,0,0,POST,1,application/x-www-form-urlencoded,1,5.3186,1,1,header_only,0.6344,0
1,0,Strict,0,1,POST,1,application/x-www-form-urlencoded,1,3.2334,1,0,cookie,0.2176,0
0,0,absent,0,0,POST,1,application/x-www-form-urlencoded,0,0.0,0,1,none,0.7871,1
1,1,Strict,1,0,GET,0,multipart/form-data,1,3.5264,1,1,none,0.3241,0
1,1,Lax,1,1,POST,1,multipart/form-data,1,4.6198,1,1,cookie,0.4791,0
1,0,Lax,1,1,PUT,0,application/x-www-form-urlencoded,0,5.4281,1,1,cookie,0.3648,0
1,0,Lax,0,1,GET,1,application/x-www-form-urlencoded,1,5.0326,1,1,none,0.4018,0
1,1,Strict,1,0,DELETE,1,multipart/form-data,0,4.7553,1,1,header_only,0.6643,0
1,1,Strict,1,0,GET,1,text/plain,1,5.6108,1,1,none,0.0798,0
0,0,None,0,0,POST,1,multipart/form-data,1,0.0,0,0,mixed,0.4349,1
1,0,Lax,1,0,GET,0,application/x-www-form-urlencoded,1,3.3115,1,0,cookie,0.2135,0
0,0,absent,0,0,GET,0,multipart/form-data,1,0.0,0,0,mixed,0.4985,1
1,1,Lax,1,1,PUT,1,application/json,0,4.8866,1,0,cookie,0.3908,0
0,0,absent,0,0,PATCH,1,text/plain,1,0.0,0,0,none,0.2133,1
0,0,absent,0,0,POST,1,application/x-www-form-urlencoded,1,0.0,0,1,cookie,0.4844,1
1,1,Lax,0,0,POST,1,text/plain,1,5.8643,1,0,header_only,0.5954,0
0,1,Strict,1,0,GET,0,application/json,1,4.8712,1,0,mixed,0.2971,0
1,1,Strict,1,0,PUT,0,text/plain,0,4.1663,1,0,mixed,0.5721,0
1,1,Strict,1,0,POST,1,application/x-www-form-urlencoded,1,5.2896,1,1,none,0.3133,0
1,0,Strict,1,1,PUT,1,text/plain,1,3.0864,1,1,none,0.1554,0
0,0,absent,0,0,POST,1,application/x-www-form-urlencoded,1,0.0,0,0,cookie,0.6876,1
0,0,absent,0,0,POST,1,text/plain,0,0.0,0,1,mixed,0.2861,1
1,0,Strict,0,0,POST,0,application/x-www-form-urlencoded,1,4.2732,1,0,cookie,0.1147,0
0,0,absent,0,0,GET,0,application/x-www-form-urlencoded,1,0.0,0,1,cookie,0.5129,1
1,0,None,1,0,POST,1,application/json,1,1.6428,0,0,mixed,0.6991,1
1,1,Strict,1,1,POST,1,application/json,1,4.6475,1,1,cookie,0.0051,0
0,0,absent,0,0,POST,1,multipart/form-data,1,0.0,0,0,mixed,0.6668,1
0,0,None,0,0,GET,0,application/x-www-form-urlencoded,1,0.0,0,0,cookie,0.66,1
1,0,Strict,1,0,GET,1,application/x-www-form-urlencoded,1,3.6501,1,1,mixed,0.2527,0
1,0,Lax,1,0,POST,1,application/json,0,5.4294,1,1,cookie,0.1025,0
0,0,absent,0,0,POST,1,application/json,1,0.0,0,0,mixed,0.5101,1
1,0,Strict,1,0,POST,1,application/json,1,4.9372,1,1,header_only,0.125,0
1,1,Lax,1,1,PATCH,1,multipart/form-data,0,3.328,1,0,header_only,0.4108,0
1,0,Strict,1,0,PUT,1,application/json,1,5.6687,1,0,header_only,0.0962,0
0,0,None,0,0,DELETE,1,text/plain,1,2.8529,0,1,mixed,0.2326,0
1,0,Strict,1,1,DELETE,1,multipart/form-data,0,5.6077,1,0,mixed,0.4806,0
0,0,absent,0,0,POST,1,application/json,1,0.0,0,1,cookie,0.3748,1
1,1,Lax,1,0,POST,1,application/x-www-form-urlencoded,0,4.0402,1,0,cookie,0.2843,0
1,1,Strict,1,1,PUT,0,text/plain,1,5.6685,1,0,mixed,0.3393,0
0,0,absent,0,0,POST,1,application/json,1,0.0,0,0,cookie,0.6614,1
0,0,None,0,0,GET,0,application/x-www-form-urlencoded,1,0.0,0,0,cookie,0.5505,1
0,0,None,0,0,PUT,1,application/x-www-form-urlencoded,1,0.0,0,1,mixed,0.7504,1
0,0,None,0,0,DELETE,1,application/json,1,0.0,0,1,none,0.7463,1
1,0,Strict,1,0,PUT,0,text/plain,1,5.0456,1,0,cookie,0.522,0
0,0,absent,0,0,POST,1,application/x-www-form-urlencoded,1,0.0,0,1,cookie,0.9775,1
0,0,absent,0,0,GET,0,application/x-www-form-urlencoded,1,0.0,0,1,cookie,0.8578,1
1,0,Strict,1,0,POST,1,text/plain,1,3.5368,1,1,mixed,0.3246,0
1,1,Strict,1,1,POST,1,application/x-www-form-urlencoded,1,3.88,1,1,cookie,0.2742,0
0,0,absent,0,0,POST,1,application/x-www-form-urlencoded,1,0.0,0,0,cookie,0.6599,1
0,0,None,0,0,POST,1,application/json,1,0.0,0,0,none,0.3021,1
0,0,None,0,0,POST,1,application/json,1,0.0,0,1,mixed,0.2408,1
0,0,absent,0,0,POST,1,application/json,1,0.0,0,1,cookie,0.5023,1
0,0,Strict,1,1,POST,1,application/json,0,3.9791,1,0,mixed,0.501,0
0,0,absent,0,0,GET,0,application/json,1,0.0,0,0,cookie,0.7421,1
1,1,Strict,1,1,PUT,1,text/plain,1,3.0562,1,1,cookie,0.506,0
0,0,absent,0,0,POST,1,multipart/form-data,1,0.0,0,1,cookie,0.4363,1
1,0,None,0,0,POST,1,application/x-www-form-urlencoded,1,1.2935,0,1,cookie,0.5155,1
0,0,None,0,0,PATCH,1,application/x-www-form-urlencoded,1,0.0,0,1,mixed,0.5323,1
0,0,None,0,0,PUT,1,multipart/form-data,1,0.0,0,1,cookie,0.812,1
0,1,None,1,0,PUT,1,application/x-www-form-urlencoded,1,3.3755,1,1,header_only,0.5577,0
0,0,absent,0,0,PUT,1,multipart/form-data,1,0.0,0,1,cookie,0.5569,1
1,0,Lax,1,1,POST,1,application/x-www-form-urlencoded,1,4.1354,1,0,cookie,0.1477,0
0,0,None,0,0,PUT,1,application/x-www-form-urlencoded,1,0.0,0,0,cookie,0.8419,1
1,1,Strict,1,0,POST,1,multipart/form-data,1,5.2786,1,1,cookie,0.0724,0
1,1,Strict,1,1,POST,1,application/json,1,3.9656,1,1,mixed,0.0362,0
1,0,Lax,0,1,PUT,1,text/plain,0,3.0404,1,0,cookie,0.0765,0
0,0,None,0,0,DELETE,1,application/json,0,0.0,0,0,mixed,0.8514,1
0,0,None,0,0,GET,0,application/json,1,0.0,0,0,cookie,0.3159,1
0,0,None,0,0,PATCH,1,text/plain,0,0.0,0,1,cookie,0.5721,1
1,1,Strict,1,1,POST,1,application/x-www-form-urlencoded,1,4.6763,1,0,cookie,0.1999,0
0,1,None,0,0,POST,0,application/x-www-form-urlencoded,0,3.8398,1,0,none,0.2461,0
0,0,None,0,0,POST,1,application/json,1,0.0,0,1,cookie,0.4933,1
0,0,None,0,0,GET,0,application/x-www-form-urlencoded,1,0.0,0,1,cookie,0.9859,1
0,0,absent,0,0,POST,1,application/json,1,0.0,0,1,cookie,0.6988,1
0,0,absent,0,0,POST,1,multipart/form-data,1,0.0,0,1,cookie,0.9944,1
1,0,absent,1,0,POST,1,multipart/form-data,1,0.1433,0,1,mixed,0.6095,1
0,0,None,0,0,DELETE,1,application/x-www-form-urlencoded,0,0.0,0,0,cookie,0.4377,1
1,0,Strict,1,0,PUT,1,multipart/form-data,0,4.6634,1,1,cookie,0.3579,0
1,1,Strict,1,1,POST,1,application/x-www-form-urlencoded,1,3.8755,1,1,mixed,0.179,0
0,0,None,0,0,POST,1,application/x-www-form-urlencoded,1,0.0,0,1,cookie,0.7533,1
1,1,Strict,1,0,DELETE,1,multipart/form-data,1,3.5974,1,0,mixed,0.0009,0
0,1,Lax,1,1,PUT,1,application/json,0,4.8584,1,0,header_only,0.3257,0
0,0,absent,0,0,POST,1,application/x-www-form-urlencoded,1,0.0,0,1,cookie,0.9846,1
0,0,Lax,1,0,PATCH,1,application/json,1,4.1954,1,1,none,0.0831,0
1,0,Strict,1,1,GET,1,text/plain,0,4.8801,1,1,cookie,0.2901,0
0,0,None,0,0,PUT,1,application/x-www-form-urlencoded,1,0.0,0,1,cookie,0.8748,1
1,0,Lax,1,0,PUT,1,multipart/form-data,0,5.2205,1,0,cookie,0.6348,0
0,0,None,0,0,POST,1,application/x-www-form-urlencoded,1,0.0,0,1,cookie,0.6513,1
0,0,absent,0,0,POST,1,application/x-www-form-urlencoded,1,0.0,0,1,cookie,0.9958,1
0,0,absent,0,0,GET,0,multipart/form-data,1,0.0,0,1,cookie,0.9657,1
0,0,absent,0,0,PATCH,1,multipart/form-data,1,0.0,0,1,cookie,0.7468,1
0,0,None,0,0,POST,1,text/plain,1,0.0,0,1,none,0.5568,1
1,0,Lax,1,0,POST,1,application/x-www-form-urlencoded,0,3.6763,1,1,cookie,0.4606,0
1,1,Strict,1,1,PUT,1,application/x-www-form-urlencoded,1,4.563,1,1,mixed,0.4676,0
1,0,Lax,1,0,POST,1,application/x-www-form-urlencoded,1,4.808,0,1,cookie,0.133,0
1,0,Strict,1,1,POST,1,multipart/form-data,1,4.4337,1,0,cookie,0.0927,0
0,0,absent,0,0,POST,1,multipart/form-data,1,0.0,0,1,cookie,0.5725,1
0,0,None,0,0,PATCH,1,application/x-www-form-urlencoded,1,0.0,0,1,mixed,0.7969,1
0,0,absent,0,0,PUT,1,application/x-www-form-urlencoded,1,0.0,0,0,cookie,0.8468,1
0,0,None,0,0,DELETE,1,application/json,1,0.0,0,0,cookie,0.2474,1
0,0,absent,0,0,POST,1,application/x-www-form-urlencoded,1,0.0,0,1,cookie,0.8745,1
1,0,Lax,1,1,GET,0,text/plain,0,5.2089,1,0,none,0.5914,0
1,0,Lax,1,0,DELETE,1,multipart/form-data,0,2.8552,1,0,header_only,0.1196,0
0,0,absent,0,0,PUT,1,application/x-www-form-urlencoded,1,0.0,0,0,cookie,0.4996,1
0,0,absent,0,0,POST,1,application/json,1,0.0,0,1,cookie,0.3355,1
0,0,Lax,0,0,GET,0,text/plain,1,5.3162,1,0,mixed,0.3069,0
1,0,Lax,1,0,PUT,1,application/json,0,3.6625,1,0,cookie,0.2374,0
0,0,absent,0,0,PUT,1,multipart/form-data,1,0.0,0,0,cookie,0.9012,1
1,1,Strict,1,0,POST,1,multipart/form-data,0,4.0911,1,1,header_only,0.1533,0
1,0,Strict,0,1,POST,1,text/plain,1,5.9596,1,0,header_only,0.2038,0
0,0,Lax,0,0,POST,1,multipart/form-data,1,4.5734,0,1,none,0.0216,0
0,0,absent,0,0,GET,0,application/x-www-form-urlencoded,1,0.0,0,1,cookie,0.6596,1
1,1,Strict,0,0,DELETE,0,application/json,1,5.3358,1,0,mixed,0.3833,0
0,0,absent,0,0,DELETE,1,multipart/form-data,1,0.0,0,1,mixed,0.9218,1
0,0,absent,0,0,POST,1,application/x-www-form-urlencoded,1,0.0,0,1,cookie,0.4551,1
0,0,None,0,0,POST,1,application/x-www-form-urlencoded,1,0.0,0,1,cookie,0.8497,1
1,0,Lax,1,0,PUT,1,application/json,1,4.721,1,1,mixed,0.4011,0
0,0,Strict,1,0,POST,1,application/json,0,5.2663,1,1,mixed,0.4708,0
0,0,None,0,0,POST,1,application/x-www-form-urlencoded,1,0.0,0,0,mixed,0.4158,1
0,0,absent,0,0,POST,1,application/json,1,0.0,0,1,mixed,0.4254,1
1,0,Lax,1,0,GET,0,application/json,1,3.8979,1,0,cookie,0.0717,0
0,0,absent,0,0,DELETE,1,text/plain,1,0.0,1,0,mixed,0.7345,1
0,0,absent,0,0,DELETE,1,application/json,1,0.0,0,1,cookie,0.8869,1
0,0,None,0,0,POST,1,application/x-www-form-urlencoded,1,0.0,0,1,cookie,0.9331,1
0,0,absent,0,0,PATCH,1,text/plain,1,0.0,0,0,cookie,0.6093,1
1,0,Strict,0,1,PUT,1,application/json,1,5.8905,1,1,mixed,0.5616,0
1,0,Lax,1,0,GET,0,application/x-www-form-urlencoded,1,4.3813,1,0,cookie,0.1874,0
0,0,None,0,0,GET,0,multipart/form-data,1,0.0,0,1,mixed,0.9291,1
0,0,absent,0,0,DELETE,1,application/json,1,0.0,0,1,mixed,0.894,1
1,1,Strict,1,0,DELETE,1,application/x-www-form-urlencoded,0,4.9969,1,0,mixed,0.0636,0
0,0,None,0,0,POST,1,multipart/form-data,1,0.0,0,1,cookie,0.6666,1
0,0,absent,0,0,PUT,1,application/x-www-form-urlencoded,1,0.0,0,0,cookie,0.5634,1
1,0,absent,0,1,POST,1,application/json,1,2.4472,1,0,cookie,0.2762,1
1,1,Strict,1,1,PUT,1,multipart/form-data,0,5.7383,1,1,cookie,0.5792,0
0,0,None,0,0,PATCH,1,application/json,1,0.0,0,0,cookie,0.4562,1
1,0,Strict,1,1,DELETE,1,text/plain,1,4.6341,1,1,header_only,0.0119,0
0,1,Strict,0,1,POST,1,multipart/form-data,1,5.6211,1,1,header_only,0.6037,0
0,0,absent,0,0,PUT,1,application/x-www-form-urlencoded,1,0.0,0,0,mixed,0.4804,1
1,1,Lax,0,0,GET,0,application/json,0,3.5376,1,1,cookie,0.5165,0
1,0,Lax,0,1,GET,1,multipart/form-data,1,5.5872,1,1,mixed,0.4114,0
0,0,absent,0,0,POST,1,application/json,1,0.0,0,1,cookie,0.9312,1
1,0,Lax,1,1,POST,1,multipart/form-data,1,4.0263,1,0,mixed,0.3764,0
0,0,absent,0,0,DELETE,1,application/json,1,0.0,0,0,cookie,0.965,1
0,0,absent,0,0,POST,1,multipart/form-data,1,0.0,0,0,cookie,0.8872,1
1,0,Lax,0,0,POST,1,application/json,1,3.9485,1,1,cookie,0.0614,0
0,0,None,0,0,PUT,1,application/x-www-form-urlencoded,1,0.0,0,0,mixed,0.5005,1
1,1,Strict,0,0,POST,1,application/json,1,3.1592,1,1,none,0.1973,0
0,0,absent,0,0,PUT,1,application/json,1,0.0,0,0,none,0.6613,1
1,0,Strict,0,0,PUT,1,application/json,1,3.9755,1,0,cookie,0.5755,0
0,0,None,0,0,PUT,1,application/x-www-form-urlencoded,1,0.0,0,0,mixed,0.2889,1
0,0,absent,0,0,DELETE,1,application/x-www-form-urlencoded,1,0.0,0,0,cookie,0.5809,1
0,0,None,0,0,PUT,1,application/x-www-form-urlencoded,1,0.0,0,0,cookie,0.8791,1
1,0,Lax,1,0,PUT,0,application/json,1,3.2793,0,0,header_only,0.2428,0
0,1,Lax,0,0,PUT,1,application/json,0,0.0,0,0,cookie,0.7983,1
1,1,Lax,1,1,GET,1,application/json,1,5.8067,1,0,cookie,0.1941,0
1,1,Lax,0,1,PUT,1,multipart/form-data,1,4.7603,1,1,mixed,0.6793,0
1,0,Lax,1,1,POST,1,text/plain,1,5.5279,1,0,header_only,0.4531,0
0,0,absent,0,0,GET,0,application/x-www-form-urlencoded,1,0.0,0,1,cookie,0.8242,1
1,0,Lax,1,0,POST,1,application/x-www-form-urlencoded,0,4.7001,1,0,none,0.1626,0
0,1,Strict,1,0,GET,0,application/json,1,3.6279,1,0,mixed,0.02,0
1,0,Lax,0,1,PUT,1,application/x-www-form-urlencoded,0,3.3086,1,0,cookie,0.4158,0
0,0,absent,0,0,POST,1,multipart/form-data,1,0.0,0,1,cookie,0.706,1
0,0,None,0,0,POST,1,multipart/form-data,1,0.0,0,1,cookie,0.9388,1
1,1,Strict,1,0,POST,0,application/x-www-form-urlencoded,0,3.5632,1,1,header_only,0.6885,0
1,0,Lax,1,0,POST,1,multipart/form-data,0,4.5911,1,0,cookie,0.0596,0
0,0,Lax,1,0,POST,1,multipart/form-data,1,0.0,0,1,cookie,0.798,1
1,1,Strict,1,0,POST,1,application/x-www-form-urlencoded,1,3.6492,1,1,cookie,0.0842,0
0,0,absent,0,0,GET,0,multipart/form-data,1,0.0,0,0,mixed,0.5381,1
0,0,absent,0,0,POST,1,multipart/form-data,1,0.0,0,0,cookie,0.6295,1
0,0,absent,0,0,PUT,1,application/x-www-form-urlencoded,1,0.0,0,1,mixed,0.4403,1
0,0,absent,0,0,POST,1,application/json,0,0.0,0,0,mixed,0.535,1
0,0,absent,0,0,GET,0,application/json,1,0.0,0,1,cookie,0.661,1
0,0,None,0,0,PUT,1,application/json,1,0.0,0,1,cookie,0.9308,1
0,0,absent,0,0,DELETE,1,application/json,1,0.0,0,1,cookie,0.9039,1
0,0,None,0,0,GET,0,application/x-www-form-urlencoded,1,0.0,0,0,cookie,0.6359,1
1,0,Strict,0,0,POST,1,text/plain,0,5.4656,1,1,header_only,0.6184,0
0,1,absent,1,1,PUT,1,application/json,1,0.0,1,0,cookie,0.3249,1
1,0,Lax,1,1,PUT,1,application/x-www-form-urlencoded,0,4.6572,1,0,cookie,0.2575,0
1,0,Strict,1,0,DELETE,1,application/json,1,4.9956,1,0,cookie,0.1523,0
0,1,None,1,0,GET,0,application/json,0,2.9992,0,0,header_only,0.5185,0
0,0,absent,0,0,GET,0,application/json,1,0.0,0,1,cookie,0.3444,1
1,1,Strict,1,0,POST,1,application/x-www-form-urlencoded,1,4.2933,1,1,none,0.2747,0
0,0,absent,1,0,PUT,1,application/json,1,0.0,0,0,mixed,0.9796,1
1,1,Lax,1,0,DELETE,1,multipart/form-data,1,5.5284,1,1,cookie,0.4592,0
0,0,None,0,0,DELETE,1,application/json,1,0.0,0,1,cookie,0.6183,1
1,1,Strict,0,0,PUT,1,application/json,1,3.841,1,0,mixed,0.4741,0
0,0,Lax,0,0,POST,1,application/json,1,0.0,0,0,cookie,0.9505,1
0,0,None,0,0,DELETE,1,text/plain,0,0.0,0,1,cookie,0.6936,1
0,0,None,0,0,GET,0,multipart/form-data,1,0.0,0,1,cookie,0.4113,1
0,0,None,0,0,POST,1,multipart/form-data,1,0.0,0,0,cookie,0.7465,1
1,0,Lax,1,1,POST,1,application/x-www-form-urlencoded,1,3.6079,1,1,cookie,0.4927,0
0,0,absent,0,0,POST,1,text/plain,1,0.0,0,1,cookie,0.3352,1
0,0,absent,0,0,DELETE,1,application/json,1,0.0,0,0,none,0.3651,1
0,1,Strict,1,0,PUT,1,multipart/form-data,1,3.0384,1,1,none,0.3228,0
0,0,Strict,1,0,PUT,1,text/plain,1,4.1119,1,1,mixed,0.0566,0
0,0,absent,0,0,PATCH,1,application/x-www-form-urlencoded,1,0.0,0,1,cookie,0.9009,1
0,0,absent,0,0,POST,1,multipart/form-data,1,0.0,0,1,cookie,0.8059,1
1,0,Strict,0,0,DELETE,1,text/plain,1,5.4644,1,1,none,0.4004,0
1,1,Lax,0,0,DELETE,1,application/x-www-form-urlencoded,0,3.268,1,0,cookie,0.2435,0
0,0,None,0,0,POST,1,application/x-www-form-urlencoded,1,0.0,0,1,cookie,0.6943,1
0,0,absent,0,0,PATCH,1,application/json,1,0.0,0,1,cookie,0.445,1
1,0,Strict,1,0,POST,1,application/x-www-form-urlencoded,1,5.498,1,1,cookie,0.0519,0
1,0,Strict,1,0,DELETE,0,multipart/form-data,0,3.8368,1,0,mixed,0.6457,0
0,0,absent,0,0,PUT,1,application/x-www-form-urlencoded,1,0.0,0,0,cookie,0.4147,1
0,0,absent,0,0,PUT,1,application/json,1,0.0,0,1,mixed,0.9336,1
0,1,Lax,1,1,GET,0,multipart/form-data,1,4.0415,1,0,cookie,0.0308,0
1,1,Lax,0,1,POST,1,text/plain,1,5.2815,1,1,cookie,0.5539,0
1,0,Lax,0,0,POST,0,application/json,1,5.2133,1,1,none,0.1022,0
1,0,Strict,1,0,GET,0,application/x-www-form-urlencoded,1,4.8404,1,0,cookie,0.0064,0
0,0,None,0,0,POST,1,application/json,1,0.0,0,0,mixed,0.8151,1
1,1,Strict,1,1,GET,1,multipart/form-data,1,5.4567,1,1,header_only,0.3205,0
1,1,Strict,1,0,POST,1,text/plain,1,5.0159,1,0,mixed,0.1225,0
0,0,absent,0,0,DELETE,1,application/json,1,0.0,0,1,cookie,0.7067,1
1,1,Strict,1,1,PUT,1,application/x-www-form-urlencoded,0,4.2774,1,0,mixed,0.682,0
0,0,absent,0,0,DELETE,1,application/x-www-form-urlencoded,1,0.0,0,1,cookie,0.4757,1
1,1,Strict,1,1,DELETE,1,multipart/form-data,1,5.3418,1,0,none,0.6346,0
0,0,absent,0,0,POST,1,application/x-www-form-urlencoded,1,0.0,0,1,cookie,0.5076,1
0,1,Lax,1,1,PATCH,1,application/x-www-form-urlencoded,1,3.4729,0,1,none,0.3711,0
